acc,start,end,label
A0A0G2JXC5,1,84,structured
A0A0G2JXC5,85,217,disordered
A0A0G2JXC5,218,229,structured
A0A0G2JXC5,230,261,disordered
A0A0G2JXC5,262,1038,structured
A0A0H2ZP82,1,39,structured
A0A0H2ZP82,40,50,disordered
A0A0H2ZP82,51,853,structured
A0A0H3CFC9,1,22,disordered
A0A0H3CFC9,23,61,structured
A0A0H3GD84,1,24,structured
A0A0H3GD84,25,38,disordered
A0A0H3GD84,39,529,structured
A0A0H3MCR9,1,13,disordered
A0A0H3MCR9,14,183,structured
A0A0M4HM24,1,212,disordered
A0A109NYM0,1,10,disordered
A0A109NYM0,11,235,structured
A0A140GKJ0,1,55,structured
A0A140GKJ0,56,88,disordered
A0A142G2L5,1,20,structured
A0A142G2L5,21,181,disordered
A0A175WC91,1,117,structured
A0A175WC91,118,133,disordered
A0A175WC91,134,243,structured
A0A178W0D3,1,220,structured
A0A178W0D3,221,259,disordered
A0A1B0GTR3,1,108,disordered
A0A220GHA5,1,22,disordered
A0A220GHA5,23,140,structured
A0A2V2WGW5,1,4,structured
A0A2V2WGW5,5,23,disordered
A0A2V2WGW5,24,170,structured
A0A2Z5UJ33,1,7,structured
A0A2Z5UJ33,8,21,disordered
A0A2Z5UJ33,22,72,structured
A0A2Z5UJ33,73,91,disordered
A0A2Z5UJ33,92,202,structured
A0A2Z5UJ33,203,212,disordered
A0A2Z5UJ33,213,498,structured
A0A384E149,1,413,structured
A0A384E149,414,439,disordered
A0A396GSL0,1,32,structured
A0A396GSL0,33,55,disordered
A0A396GSL0,56,68,structured
A0A3S5Y0Q5,1,26,structured
A0A3S5Y0Q5,27,66,disordered
A0A3S5Y0Q5,67,172,structured
A0A504WW14,1,1259,disordered
A0A504WW14,1260,1347,structured
A0A504XZ90,1,29,disordered
A0A504XZ90,30,183,structured
A0A504XZ90,184,237,disordered
A0A504XZ90,238,301,structured
A0A504Y5E1,1,273,structured
A0A504Y5E1,274,285,disordered
A0A5F9ZHA1,1,661,structured
A0A5F9ZHA1,662,672,disordered
A0A5F9ZHA1,673,795,structured
A0A5F9ZHA1,796,852,disordered
A0A5F9ZHA1,853,1058,structured
A0A5F9ZHA1,1059,1068,disordered
A0A5F9ZHA1,1069,1188,structured
A0A5F9ZHA1,1189,1201,disordered
A0A5F9ZHA1,1202,1402,structured
A0A5F9ZHA1,1403,1430,disordered
A0A5F9ZHA1,1431,1849,structured
A0A6L0XH39,1,267,structured
A0A6L0XH39,268,284,disordered
A0A6L0XH39,285,303,structured
A0A6L0XH39,304,323,disordered
A0A6L0XH39,324,360,structured
A0A6L0XH39,361,373,disordered
A0KJC7,1,230,disordered
A0KJC7,231,478,structured
A0L5S6,1,221,structured
A0L5S6,222,239,disordered
A0L5S6,240,274,structured
A0MHA3,1,35,structured
A0MHA3,36,64,disordered
A0MHA3,65,71,structured
A0R1T8,1,238,disordered
A0R1T8,239,294,structured
A0ZWU1,1,157,structured
A0ZWU1,158,251,disordered
A1B602,1,19,disordered
A1B602,20,79,structured
A1B602,80,104,disordered
A1B8N7,1,115,structured
A1B8N7,116,188,disordered
A1KVD0,1,13,disordered
A1KVD0,14,155,structured
A4C1A5,1,86,disordered
A4C1A5,87,150,structured
A4D126,1,318,structured
A4D126,319,334,disordered
A4D126,335,451,structured
A4HN55,1,29,disordered
A4HN55,30,254,structured
A4HSQ5,1,33,disordered
A4HSQ5,34,247,structured
A4HV47,1,54,disordered
A4HV47,55,283,structured
A4IDD0,1,241,structured
A4IDD0,242,264,disordered
A4IDD6,1,99,disordered
A4IDD6,100,302,structured
A4IDS4,1,211,structured
A4IDS4,212,246,disordered
A4ZNR2,1,121,disordered
A5F384,1,100,structured
A5F384,101,110,disordered
A5F384,111,276,structured
A6ND01,1,110,structured
A6ND01,111,122,disordered
A6ND01,123,250,structured
A6NF83,1,97,disordered
A6NI73,1,146,structured
A6NI73,147,157,disordered
A6NI73,158,299,structured
A6YID9,1,38,disordered
A6YID9,39,136,structured
A7KHA7,1,23,structured
A7KHA7,24,50,disordered
A7KHA7,51,61,structured
A7L035,1,21,structured
A7L035,22,47,disordered
A7L035,48,456,structured
A7UMX5,1,996,disordered
A7YK37,1,227,disordered
A7YK37,228,541,structured
A7ZUK2,1,930,structured
A7ZUK2,931,1134,disordered
A7ZUK2,1135,1407,structured
A8AZZ3,1,23,structured
A8AZZ3,24,44,disordered
A8AZZ3,45,115,structured
A8AZZ3,116,134,disordered
A8AZZ3,135,145,structured
A8AZZ3,146,195,disordered
A8BB85,1,134,structured
A8BB85,135,160,disordered
A8BB85,161,316,structured
A8CDV5,1,118,disordered
A8MTZ0,1,25,disordered
A8MTZ0,26,80,structured
A8MTZ0,81,92,disordered
A8ULG6,1,161,structured
A8ULG6,162,175,disordered
A8ULG6,176,322,structured
B0FRH7,1,120,disordered
B0Y813,1,118,structured
B0Y813,119,142,disordered
B0Y813,143,240,structured
B2LME8,1,31,structured
B2LME8,32,155,disordered
B2LME8,156,400,structured
B2RLE7,1,22,structured
B2RLE7,23,54,disordered
B2RLE7,55,265,structured
B2RLE7,266,359,disordered
B5TV91,1,117,structured
B5TV91,118,134,disordered
B5TV91,135,185,structured
B5TV91,186,226,disordered
B5TV91,227,292,structured
B6KJB6,1,336,structured
B6KJB6,337,542,disordered
B7T1D7,1,126,structured
B7T1D7,127,137,disordered
B7T1D7,138,215,structured
B7T1D7,216,250,disordered
B7T1D7,251,285,structured
B8YB65,1,104,disordered
B8ZXI1,1,291,structured
B8ZXI1,292,326,disordered
B8ZXI1,327,415,structured
B9KDD4,1,280,structured
B9KDD4,281,327,disordered
B9KDD4,328,712,structured
C0J347,1,263,structured
C0J347,264,464,disordered
C4M0U8,1,150,disordered
C4M0U8,151,151,structured
C4PB33,1,360,structured
C4PB33,361,395,disordered
C4PB33,396,1772,structured
C6KSX0,1,83,structured
C6KSX0,84,116,disordered
C6KSX0,117,142,structured
C6KSX0,143,157,disordered
C6KSX0,158,347,structured
C6ZFX3,1,94,disordered
C8CGS7,1,1629,structured
C8CGS7,1630,1756,disordered
C9ZXG5,1,41,structured
C9ZXG5,42,104,disordered
C9ZXG5,105,212,structured
D0AB09,1,10,disordered
D0AB09,11,421,structured
D0NBE6,1,369,structured
D0NBE6,370,381,disordered
D0PV95,1,168,disordered
D0PV95,169,708,structured
D1A4G7,1,199,structured
D1A4G7,200,413,disordered
D1A4G7,414,1315,structured
D1M863,1,25,disordered
D1M863,26,145,structured
D3TI84,1,186,structured
D3TI84,187,244,disordered
D3TI84,245,491,structured
D3TI84,492,503,disordered
D3TI84,504,662,structured
D3TI84,663,690,disordered
D3TI84,691,794,structured
D3TI84,795,933,disordered
E1BSW7,1,1,structured
E1BSW7,2,139,disordered
E3T1W8,1,21,structured
E3T1W8,22,39,disordered
E3T1W8,40,291,structured
E3T1W8,292,319,disordered
E3T1W8,320,531,structured
E3T1W8,532,541,disordered
E6PBU3,1,22,disordered
E6PBU3,23,115,structured
E6PBU3,116,143,disordered
E6Y5X0,1,231,structured
E6Y5X0,232,321,disordered
E6Y5X0,322,840,structured
E9AD06,1,66,disordered
E9AD06,67,150,structured
E9ADE1,1,100,structured
E9ADE1,101,121,disordered
E9ADE1,122,214,structured
E9AE57,1,21,disordered
E9AE57,22,568,structured
F0TTD6,1,158,structured
F0TTD6,159,252,disordered
F1NGB1,1,189,structured
F1NGB1,190,455,disordered
F1QCV2,1,364,structured
F1QCV2,365,411,disordered
F1QCV2,412,675,structured
F1QR43,1,50,structured
F1QR43,51,72,disordered
F1QR43,73,586,structured
F2WK69,1,87,structured
F2WK69,88,164,disordered
F2WK69,165,377,structured
F4IED2,1,160,structured
F4IED2,161,498,disordered
F4IED2,499,528,structured
F4JL28,1,194,structured
F4JL28,195,208,disordered
F4JL28,209,220,structured
F4JL28,221,234,disordered
F4K4L7,1,181,structured
F4K4L7,182,191,disordered
F4K4L7,192,852,structured
F6IAY2,1,176,structured
F6IAY2,177,346,disordered
F8UU09,1,82,disordered
F8UU09,83,469,structured
F9UST4,1,125,structured
F9UST4,126,147,disordered
F9UST4,148,276,structured
G0SCY6,1,25,disordered
G0SCY6,26,42,structured
G0SCY6,43,56,disordered
G0SCY6,57,126,structured
G1K3N3,1,44,disordered
G1K3N3,45,108,structured
G1TDB3,1,39,disordered
G1TDB3,40,114,structured
G1TDB3,115,124,disordered
G3V7P1,1,180,structured
G3V7P1,181,251,disordered
G3V7P1,252,274,structured
G4NEJ8,1,38,disordered
G4NEJ8,39,116,structured
G4NEJ8,117,158,disordered
G4NEJ8,159,162,structured
G5ED39,1,10,disordered
G5ED39,11,390,structured
G5ED39,391,446,disordered
G5ED39,447,589,structured
G5ED39,590,628,disordered
G5ED39,629,1140,structured
G5ED39,1141,1262,disordered
G5EFZ1,1,19,disordered
G5EFZ1,20,519,structured
G5EFZ1,520,539,disordered
G8HXD9,1,56,disordered
H0W0T5,1,362,structured
H0W0T5,363,565,disordered
H2L2M0,1,90,structured
H2L2M0,91,117,disordered
I1JLC8,1,105,disordered
I7MK25,1,17,disordered
I7MK25,18,193,structured
J2EKT7,1,53,structured
J2EKT7,54,82,disordered
J7JU64,1,28,structured
J7JU64,29,68,disordered
J7M799,1,237,disordered
J7QA90,1,43,structured
J7QA90,44,88,disordered
J7QLC0,1,1005,structured
J7QLC0,1006,1706,disordered
J8TM36,1,235,structured
J8TM36,236,249,disordered
J8TM36,250,277,structured
J9ULM6,1,17,disordered
J9ULM6,18,210,structured
J9V8B5,1,43,structured
J9V8B5,44,97,disordered
M1GUG5,1,86,disordered
M4GGR4,1,14,disordered
M4GGR4,15,355,structured
N1NXA6,1,63,structured
N1NXA6,64,99,disordered
O00189,1,159,structured
O00189,160,184,disordered
O00189,185,383,structured
O00189,384,399,disordered
O00189,400,453,structured
O00214,1,153,structured
O00214,154,175,disordered
O00214,176,317,structured
O00268,1,407,structured
O00268,408,838,disordered
O00268,839,919,structured
O00268,920,945,disordered
O00268,946,1085,structured
O00273,1,100,disordered
O00273,101,331,structured
O00308,1,661,structured
O00308,662,702,disordered
O00308,703,870,structured
O00410,1,21,disordered
O00410,22,315,structured
O00410,316,329,disordered
O00410,330,1097,structured
O00488,1,35,disordered
O00488,36,77,structured
O00488,78,116,disordered
O00488,117,134,structured
O00522,1,117,structured
O00522,118,128,disordered
O00522,129,168,structured
O00522,169,198,disordered
O00522,199,736,structured
O00548,1,442,structured
O00548,443,551,disordered
O00548,552,723,structured
O00584,1,214,structured
O00584,215,234,disordered
O00584,235,256,structured
O00585,1,93,structured
O00585,94,134,disordered
O01479,1,195,structured
O01479,196,221,disordered
O01479,222,392,structured
O04147,1,102,structured
O04147,103,113,disordered
O04147,114,181,structured
O05574,1,49,structured
O05574,50,110,disordered
O06522,1,17,structured
O06522,18,56,disordered
O06522,57,223,structured
O08583,1,76,structured
O08583,77,104,disordered
O08583,105,255,structured
O08785,1,88,structured
O08785,89,107,disordered
O08785,108,222,structured
O08785,223,248,disordered
O08785,249,257,structured
O08785,258,269,disordered
O08785,270,855,structured
O08807,1,243,structured
O08807,244,274,disordered
O13828,1,239,structured
O13828,240,291,disordered
O13828,292,552,structured
O13828,553,741,disordered
O13916,1,24,structured
O13916,25,80,disordered
O14140,1,54,disordered
O14140,55,71,structured
O14214,1,83,disordered
O14214,84,270,structured
O14214,271,304,disordered
O14352,1,11,disordered
O14352,12,71,structured
O14352,72,91,disordered
O14352,92,121,structured
O14519,1,60,disordered
O14519,61,115,structured
O14558,1,56,disordered
O14558,57,160,structured
O14678,1,1,structured
O14678,2,12,disordered
O14678,13,356,structured
O14678,357,383,disordered
O14678,384,606,structured
O14713,1,48,structured
O14713,49,59,disordered
O14713,60,200,structured
O14727,1,104,disordered
O14727,105,1248,structured
O14733,1,29,structured
O14733,30,100,disordered
O14733,101,419,structured
O14745,1,241,structured
O14745,242,358,disordered
O14775,1,56,disordered
O14775,57,395,structured
O14776,1,97,structured
O14776,98,108,disordered
O14776,109,1098,structured
O14810,1,70,structured
O14810,71,134,disordered
O14832,1,30,structured
O14832,31,42,disordered
O14832,43,222,structured
O14832,223,233,disordered
O14832,234,302,structured
O14832,303,318,disordered
O14832,319,338,structured
O14936,1,303,structured
O14936,304,460,disordered
O14936,461,926,structured
O14958,1,370,structured
O14958,371,399,disordered
O14974,1,40,disordered
O14974,41,1030,structured
O15054,1,1133,structured
O15054,1134,1176,disordered
O15054,1177,1291,structured
O15054,1292,1325,disordered
O15054,1326,1643,structured
O15118,1,287,structured
O15118,288,333,disordered
O15118,334,373,structured
O15118,374,383,disordered
O15118,384,604,structured
O15118,605,620,disordered
O15118,621,772,structured
O15118,773,813,disordered
O15118,814,959,structured
O15118,960,983,disordered
O15118,984,1251,structured
O15118,1252,1278,disordered
O15151,1,13,structured
O15151,14,25,disordered
O15151,26,106,structured
O15151,107,116,disordered
O15151,117,180,structured
O15151,181,300,disordered
O15151,301,394,structured
O15151,395,404,disordered
O15151,405,426,structured
O15151,427,429,disordered
O15151,430,490,structured
O15234,1,136,structured
O15234,137,286,disordered
O15234,287,703,structured
O15273,1,90,structured
O15273,91,167,disordered
O15294,1,88,disordered
O15294,89,756,structured
O15294,757,771,disordered
O15294,772,1046,structured
O15344,1,86,structured
O15344,87,116,disordered
O15344,117,667,structured
O15350,1,9,structured
O15350,10,25,disordered
O15350,26,348,structured
O15350,349,398,disordered
O15350,399,548,structured
O15350,549,564,disordered
O15350,565,636,structured
O15392,1,99,disordered
O15392,100,139,structured
O15392,140,142,disordered
O15550,1,879,structured
O15550,880,885,disordered
O15550,886,902,structured
O15550,903,909,disordered
O15550,910,1047,structured
O15550,1048,1077,disordered
O15550,1078,1395,structured
O15550,1396,1401,disordered
O15922,1,89,disordered
O15922,90,229,structured
O15922,230,240,disordered
O15922,241,314,structured
O15922,315,324,disordered
O15922,325,447,structured
O16043,1,183,disordered
O17087,1,812,structured
O17087,813,860,disordered
O17087,861,1113,structured
O23661,1,387,structured
O23661,388,594,disordered
O23661,595,608,structured
O23764,1,422,disordered
O23813,1,52,structured
O23813,53,62,disordered
O23813,63,635,structured
O24172,1,33,structured
O24172,34,50,disordered
O24646,1,77,disordered
O24646,78,108,structured
O24646,109,150,disordered
O24646,151,168,structured
O25010,1,73,disordered
O25555,1,95,structured
O25555,96,125,disordered
O28362,1,16,disordered
O28362,17,78,structured
O28362,79,102,disordered
O28769,1,233,disordered
O28769,234,338,structured
O30916,1,168,disordered
O30916,169,170,structured
O30916,171,181,disordered
O30916,182,561,structured
O31467,1,48,structured
O31467,49,70,disordered
O31818,1,40,structured
O31818,41,77,disordered
O31851,1,88,structured
O31851,89,125,disordered
O31851,126,196,structured
O32728,1,101,disordered
O32728,102,158,structured
O32728,159,250,disordered
O33599,1,25,structured
O33599,26,44,disordered
O33599,45,146,structured
O33599,147,182,disordered
O33599,183,316,structured
O34800,1,56,disordered
O35274,1,154,disordered
O35274,155,416,structured
O35274,417,602,disordered
O35274,603,817,structured
O35625,1,17,disordered
O35625,18,18,structured
O35625,19,59,disordered
O35625,60,78,structured
O35625,79,80,disordered
O35625,81,294,structured
O35625,295,499,disordered
O35625,500,863,structured
O35718,1,14,structured
O35718,15,225,disordered
O39946,1,60,structured
O39946,61,91,disordered
O39946,92,149,structured
O39946,150,194,disordered
O39946,195,214,structured
O43070,1,155,structured
O43070,156,158,disordered
O43070,159,191,structured
O43070,192,195,disordered
O43070,196,255,structured
O43070,256,261,disordered
O43070,262,274,structured
O43070,275,287,disordered
O43070,288,319,structured
O43070,320,553,disordered
O43070,554,613,structured
O43236,1,119,disordered
O43236,120,478,structured
O43313,1,361,structured
O43313,362,823,disordered
O43318,1,65,structured
O43318,66,80,disordered
O43318,81,177,structured
O43318,178,190,disordered
O43318,191,606,structured
O43474,1,130,disordered
O43474,131,513,structured
O43516,1,1,structured
O43516,2,101,disordered
O43516,102,406,structured
O43516,407,503,disordered
O43521,1,41,disordered
O43521,42,96,structured
O43521,97,171,disordered
O43521,172,198,structured
O43663,1,450,structured
O43663,451,620,disordered
O43715,1,53,structured
O43715,54,76,disordered
O43776,1,97,structured
O43776,98,110,disordered
O43776,111,548,structured
O43791,1,59,structured
O43791,60,64,disordered
O43791,65,77,structured
O43791,78,79,disordered
O43791,80,93,structured
O43791,94,96,disordered
O43791,97,164,structured
O43791,165,166,disordered
O43791,167,167,structured
O43791,168,179,disordered
O43791,180,231,structured
O43791,232,237,disordered
O43791,238,269,structured
O43791,270,319,disordered
O43791,320,354,structured
O43791,355,374,disordered
O44326,1,612,structured
O44326,613,678,disordered
O48963,1,580,structured
O48963,581,592,disordered
O48963,593,996,structured
O49195,1,15,structured
O49195,16,48,disordered
O49195,49,270,structured
O50008,1,447,structured
O50008,448,460,disordered
O50008,461,765,structured
O54928,1,174,structured
O54928,175,244,disordered
O54928,245,536,structured
O55000,1,308,structured
O55000,309,433,disordered
O55000,434,872,structured
O57173,1,50,disordered
O57173,51,222,structured
O60200,1,66,structured
O60200,67,81,disordered
O60200,82,86,structured
O60239,1,265,structured
O60239,266,452,disordered
O60239,453,455,structured
O60260,1,72,structured
O60260,73,99,disordered
O60260,100,108,structured
O60260,109,142,disordered
O60260,143,217,structured
O60260,218,221,disordered
O60260,222,353,structured
O60260,354,361,disordered
O60260,362,377,structured
O60260,378,392,disordered
O60260,393,404,structured
O60260,405,413,disordered
O60260,414,465,structured
O60486,1,641,structured
O60486,642,659,disordered
O60486,660,1568,structured
O60502,1,58,disordered
O60502,59,174,structured
O60502,175,181,disordered
O60502,182,333,structured
O60502,334,373,disordered
O60502,374,391,structured
O60502,392,537,disordered
O60502,538,587,structured
O60502,588,605,disordered
O60502,606,659,structured
O60502,660,681,disordered
O60502,682,693,structured
O60502,694,916,disordered
O60508,1,82,disordered
O60508,83,579,structured
O60566,1,19,structured
O60566,20,42,disordered
O60566,43,91,structured
O60566,92,95,disordered
O60566,96,203,structured
O60566,204,220,disordered
O60566,221,646,structured
O60566,647,720,disordered
O60566,721,1050,structured
O60568,1,71,structured
O60568,72,86,disordered
O60568,87,591,structured
O60568,592,605,disordered
O60568,606,738,structured
O60701,1,464,structured
O60701,465,494,disordered
O60741,1,93,disordered
O60741,94,890,structured
O60828,1,265,disordered
O60885,1,40,structured
O60885,41,42,disordered
O60885,43,43,structured
O60885,44,59,disordered
O60885,60,162,structured
O60885,163,183,disordered
O60885,184,332,structured
O60885,333,349,disordered
O60885,350,458,structured
O60885,459,460,disordered
O60885,461,1362,structured
O60888,1,44,structured
O60888,45,60,disordered
O60888,61,169,structured
O60888,170,179,disordered
O60927,1,126,disordered
O60934,1,271,structured
O60934,272,295,disordered
O60934,296,334,structured
O60934,335,392,disordered
O60934,393,422,structured
O60934,423,438,disordered
O60934,439,754,structured
O61380,1,577,structured
O61380,578,660,disordered
O61380,661,1666,structured
O61667,1,45,structured
O61667,46,106,disordered
O62301,1,193,structured
O62301,194,210,disordered
O62301,211,254,structured
O62301,255,288,disordered
O62301,289,873,structured
O62479,1,105,structured
O62479,106,127,disordered
O62479,128,492,structured
O65934,1,103,structured
O65934,104,230,disordered
O65934,231,865,structured
O66493,1,86,structured
O66493,87,117,disordered
O66493,118,325,structured
O66493,326,350,disordered
O66493,351,398,structured
O66683,1,88,disordered
O66858,1,60,disordered
O66858,61,398,structured
O67086,1,59,disordered
O67086,60,89,structured
O67086,90,118,disordered
O70200,1,16,disordered
O70200,17,123,structured
O70200,124,147,disordered
O73557,1,29,disordered
O73557,30,70,structured
O73557,71,99,disordered
O74774,1,155,disordered
O74774,156,203,structured
O74774,204,259,disordered
O74774,260,592,structured
O75151,1,59,structured
O75151,60,79,disordered
O75151,80,1096,structured
O75223,1,13,disordered
O75223,14,188,structured
O75324,1,33,structured
O75324,34,60,disordered
O75324,61,88,structured
O75469,1,129,structured
O75469,130,142,disordered
O75469,143,176,structured
O75469,177,210,disordered
O75469,211,228,structured
O75469,229,237,disordered
O75469,238,308,structured
O75469,309,318,disordered
O75469,319,381,structured
O75469,382,384,disordered
O75469,385,429,structured
O75469,430,434,disordered
O75475,1,30,structured
O75475,31,32,disordered
O75475,33,91,structured
O75475,92,135,disordered
O75475,136,336,structured
O75475,337,344,disordered
O75475,345,346,structured
O75475,347,352,disordered
O75475,353,363,structured
O75475,364,369,disordered
O75475,370,379,structured
O75475,380,395,disordered
O75475,396,404,structured
O75475,405,409,disordered
O75475,410,413,structured
O75475,414,471,disordered
O75475,472,530,structured
O75496,1,209,disordered
O75506,1,53,disordered
O75506,54,59,structured
O75506,60,76,disordered
O75533,1,462,disordered
O75533,463,485,structured
O75533,486,489,disordered
O75533,490,1097,structured
O75533,1098,1106,disordered
O75533,1107,1304,structured
O75554,1,275,structured
O75554,276,376,disordered
O75807,1,512,structured
O75807,513,631,disordered
O75807,632,674,structured
O75817,1,28,disordered
O75817,29,140,structured
O75928,1,216,structured
O75928,217,218,disordered
O75928,219,242,structured
O75928,243,250,disordered
O75928,251,328,structured
O75928,329,337,disordered
O75928,338,426,structured
O75928,427,490,disordered
O75928,491,621,structured
O75936,1,187,structured
O75936,188,198,disordered
O75936,199,387,structured
O76074,1,127,structured
O76074,128,145,disordered
O76074,146,394,structured
O76074,395,406,disordered
O76074,407,839,structured
O76074,840,850,disordered
O76074,851,875,structured
O76463,1,403,structured
O76463,404,422,disordered
O76463,423,440,structured
O76744,1,23,disordered
O76744,24,424,structured
O77299,1,80,disordered
O80358,1,85,structured
O80358,86,102,disordered
O80358,103,390,structured
O80452,1,139,structured
O80452,140,211,disordered
O80452,212,273,structured
O80452,274,285,disordered
O80452,286,839,structured
O81283,1,839,disordered
O81283,840,1503,structured
O82132,1,167,structured
O82132,168,335,disordered
O85041,1,259,structured
O85041,260,839,disordered
O85041,840,869,structured
O86488,1,568,structured
O86488,569,1250,disordered
O86488,1251,1315,structured
O88393,1,729,structured
O88393,730,744,disordered
O88393,745,850,structured
O88998,1,338,structured
O88998,339,352,disordered
O88998,353,485,structured
O89467,1,5,structured
O89467,6,25,disordered
O89467,26,44,structured
O89467,45,78,disordered
O94316,1,60,disordered
O94316,61,984,structured
O94742,1,89,disordered
O94829,1,18,disordered
O94829,19,655,structured
O94829,656,673,disordered
O94829,674,963,structured
O94907,1,37,structured
O94907,38,44,disordered
O94907,45,177,structured
O94907,178,181,disordered
O94907,182,248,structured
O94907,249,260,disordered
O94907,261,266,structured
O94925,1,70,structured
O94925,71,136,disordered
O94925,137,645,structured
O94925,646,669,disordered
O94986,1,15,disordered
O94986,16,46,structured
O94986,47,60,disordered
O94986,61,1710,structured
O95149,1,93,disordered
O95149,94,161,structured
O95149,162,165,disordered
O95149,166,287,structured
O95149,288,360,disordered
O95155,1,1207,structured
O95155,1208,1227,disordered
O95155,1228,1302,structured
O95197,1,27,disordered
O95197,28,987,structured
O95197,988,1032,disordered
O95278,1,68,structured
O95278,69,79,disordered
O95278,80,331,structured
O95292,1,150,disordered
O95292,151,243,structured
O95391,1,61,disordered
O95391,62,196,structured
O95391,197,264,disordered
O95391,265,371,structured
O95391,372,586,disordered
O95400,1,255,structured
O95400,256,280,disordered
O95400,281,341,structured
O95405,1,764,structured
O95405,765,853,disordered
O95405,854,911,structured
O95405,912,916,disordered
O95405,917,934,structured
O95405,935,936,disordered
O95405,937,1209,structured
O95405,1210,1216,disordered
O95405,1217,1250,structured
O95405,1251,1261,disordered
O95405,1262,1298,structured
O95405,1299,1300,disordered
O95405,1301,1318,structured
O95405,1319,1332,disordered
O95405,1333,1401,structured
O95405,1402,1411,disordered
O95405,1412,1425,structured
O95429,1,356,structured
O95429,357,376,disordered
O95429,377,457,structured
O95470,1,61,structured
O95470,62,109,disordered
O95470,110,553,structured
O95470,554,568,disordered
O95630,1,139,structured
O95630,140,146,disordered
O95630,147,218,structured
O95630,219,251,disordered
O95630,252,424,structured
O95644,1,390,structured
O95644,391,400,disordered
O95644,401,415,structured
O95644,416,425,disordered
O95644,426,434,structured
O95644,435,458,disordered
O95644,459,537,structured
O95644,538,559,disordered
O95644,560,943,structured
O95696,1,62,structured
O95696,63,80,disordered
O95696,81,1058,structured
O95718,1,168,structured
O95718,169,194,disordered
O95718,195,433,structured
O95822,1,343,structured
O95822,344,371,disordered
O95822,372,493,structured
O95831,1,77,structured
O95831,78,127,disordered
O95831,128,510,structured
O95831,511,559,disordered
O95831,560,613,structured
O95835,1,360,structured
O95835,361,567,disordered
O95835,568,621,structured
O95835,622,635,disordered
O95835,636,1130,structured
O95843,1,22,disordered
O95843,23,185,structured
O95843,186,209,disordered
O95997,1,202,disordered
O96013,1,8,structured
O96013,9,68,disordered
O96013,69,591,structured
O96018,1,214,disordered
O96018,215,575,structured
O96019,1,11,disordered
O96019,12,44,structured
O96019,45,67,disordered
O96019,68,215,structured
O96019,216,245,disordered
O96019,246,311,structured
O96019,312,322,disordered
O96019,323,417,structured
O96019,418,429,disordered
O96028,1,660,structured
O96028,661,986,disordered
O96028,987,1205,structured
O96028,1206,1365,disordered
O96759,1,542,structured
O96759,543,562,disordered
O96759,563,611,structured
P00004,1,105,disordered
P00127,1,72,disordered
P00127,73,147,structured
P00392,1,549,structured
P00392,550,561,disordered
P00452,1,736,structured
P00452,737,761,disordered
P00519,1,26,structured
P00519,27,234,disordered
P00519,235,248,structured
P00519,249,254,disordered
P00519,255,261,structured
P00519,262,266,disordered
P00519,267,271,structured
P00519,272,291,disordered
P00519,292,309,structured
P00519,310,312,disordered
P00519,313,382,structured
P00519,383,401,disordered
P00519,402,496,structured
P00519,497,515,disordered
P00519,516,1006,structured
P00519,1007,1026,disordered
P00519,1027,1130,structured
P00734,1,89,structured
P00734,90,110,disordered
P00734,111,186,structured
P00734,187,211,disordered
P00734,212,297,structured
P00734,298,316,disordered
P00734,317,622,structured
P00736,1,192,structured
P00736,193,305,disordered
P00736,306,705,structured
P00742,1,89,structured
P00742,90,126,disordered
P00742,127,488,structured
P00760,1,3,structured
P00760,4,47,disordered
P00760,48,67,structured
P00760,68,89,disordered
P00760,90,114,structured
P00760,115,125,disordered
P00760,126,141,structured
P00760,142,159,disordered
P00760,160,186,structured
P00760,187,198,disordered
P00760,199,246,structured
P00974,1,13,structured
P00974,14,38,disordered
P00974,39,100,structured
P01009,1,24,structured
P01009,25,47,disordered
P01009,48,418,structured
P01023,1,682,structured
P01023,683,728,disordered
P01023,729,1474,structured
P01034,1,26,structured
P01034,27,37,disordered
P01034,38,146,structured
P01042,1,437,structured
P01042,438,531,disordered
P01042,532,644,structured
P01050,1,65,disordered
P01071,1,181,disordered
P01089,1,35,structured
P01089,36,45,disordered
P01089,46,67,structured
P01089,68,92,disordered
P01089,93,258,structured
P01094,1,68,disordered
P01096,1,18,disordered
P01096,19,109,structured
P01097,1,27,structured
P01097,28,50,disordered
P01097,51,85,structured
P01100,1,137,structured
P01100,138,139,disordered
P01100,140,198,structured
P01100,199,200,disordered
P01100,201,215,structured
P01100,216,380,disordered
P01127,1,105,structured
P01127,106,119,disordered
P01127,120,241,structured
P01130,1,3,structured
P01130,4,275,disordered
P01130,276,353,structured
P01130,354,393,disordered
P01130,394,414,structured
P01130,415,416,disordered
P01130,417,455,structured
P01130,456,464,disordered
P01130,465,473,structured
P01130,474,475,disordered
P01130,476,713,structured
P01130,714,788,disordered
P01130,789,818,structured
P01130,819,832,disordered
P01130,833,860,structured
P01139,1,18,structured
P01139,19,238,disordered
P01139,239,241,structured
P01160,1,55,structured
P01160,56,123,disordered
P01160,124,151,structured
P01501,1,43,structured
P01501,44,70,disordered
P01730,1,371,structured
P01730,372,458,disordered
P01732,1,127,structured
P01732,128,182,disordered
P01732,183,235,structured
P02469,1,493,structured
P02469,494,540,disordered
P02469,541,1786,structured
P02533,1,294,structured
P02533,295,331,disordered
P02533,332,472,structured
P02545,1,566,structured
P02545,567,664,disordered
P02631,1,50,structured
P02631,51,62,disordered
P02631,63,109,structured
P02655,1,39,structured
P02655,40,65,disordered
P02655,66,101,structured
P02666,1,224,disordered
P02671,1,24,structured
P02671,25,35,disordered
P02671,36,231,structured
P02671,232,581,disordered
P02671,582,866,structured
P02686,1,133,structured
P02686,134,304,disordered
P02721,1,54,structured
P02721,55,66,disordered
P02721,67,83,structured
P02721,84,108,disordered
P02730,1,54,disordered
P02730,55,911,structured
P02760,1,190,structured
P02760,191,202,disordered
P02760,203,205,structured
P02760,206,229,disordered
P02760,230,339,structured
P02760,340,352,disordered
P02774,1,106,structured
P02774,107,127,disordered
P02774,128,474,structured
P02783,1,70,disordered
P02783,71,112,structured
P02808,1,19,structured
P02808,20,62,disordered
P02929,1,102,structured
P02929,103,151,disordered
P02929,152,239,structured
P02994,1,441,structured
P02994,442,458,disordered
P03040,1,55,structured
P03040,56,66,disordered
P03045,1,107,disordered
P03050,1,53,disordered
P03070,1,16,structured
P03070,17,26,disordered
P03070,27,38,structured
P03070,39,48,disordered
P03070,49,67,structured
P03070,68,87,disordered
P03070,88,102,structured
P03070,103,134,disordered
P03070,135,708,structured
P03086,1,13,structured
P03086,14,23,disordered
P03086,24,39,structured
P03086,40,71,disordered
P03087,1,21,disordered
P03087,22,343,structured
P03087,344,362,disordered
P03101,1,485,structured
P03101,486,505,disordered
P03126,1,10,disordered
P03126,11,77,structured
P03126,78,89,disordered
P03126,90,147,structured
P03126,148,158,disordered
P03255,1,289,disordered
P03259,1,266,disordered
P03265,1,293,structured
P03265,294,334,disordered
P03265,335,453,structured
P03265,454,464,disordered
P03265,465,529,structured
P03347,1,109,structured
P03347,110,148,disordered
P03347,149,352,structured
P03347,353,389,disordered
P03347,390,427,structured
P03347,428,449,disordered
P03347,450,512,structured
P03372,1,184,disordered
P03372,185,213,structured
P03372,214,236,disordered
P03372,237,252,structured
P03372,253,262,disordered
P03372,263,286,structured
P03372,287,310,disordered
P03372,311,328,structured
P03372,329,342,disordered
P03372,343,410,structured
P03372,411,422,disordered
P03372,423,456,structured
P03372,457,474,disordered
P03372,475,524,structured
P03372,525,595,disordered
P03407,1,153,structured
P03407,154,181,disordered
P03407,182,210,structured
P03421,1,118,disordered
P03421,119,160,structured
P03421,161,241,disordered
P03422,1,360,disordered
P03422,361,376,structured
P03422,377,457,disordered
P03422,458,507,structured
P03431,1,15,structured
P03431,16,81,disordered
P03431,82,757,structured
P03433,1,196,structured
P03433,197,257,disordered
P03433,258,371,structured
P03433,372,397,disordered
P03433,398,716,structured
P03437,1,507,structured
P03437,508,520,disordered
P03437,521,566,structured
P03496,1,72,structured
P03496,73,82,disordered
P03496,83,203,structured
P03496,204,230,disordered
P03520,1,60,disordered
P03520,61,265,structured
P03607,1,19,structured
P03607,20,57,disordered
P03607,58,279,structured
P03709,1,41,structured
P03709,42,80,disordered
P03709,81,132,structured
P03714,1,24,disordered
P03714,25,45,structured
P03714,46,62,disordered
P03714,63,117,structured
P03956,1,19,structured
P03956,20,31,disordered
P03956,32,45,structured
P03956,46,57,disordered
P03956,58,469,structured
P04004,1,130,disordered
P04004,131,478,structured
P04035,1,860,structured
P04035,861,888,disordered
P04083,1,41,disordered
P04083,42,115,structured
P04083,116,185,disordered
P04083,186,346,structured
P04150,1,530,disordered
P04150,531,615,structured
P04150,616,618,disordered
P04150,619,632,structured
P04150,633,637,disordered
P04150,638,702,structured
P04150,703,710,disordered
P04150,711,740,structured
P04150,741,767,disordered
P04150,768,775,structured
P04150,776,777,disordered
P04183,1,17,disordered
P04183,18,63,structured
P04183,64,73,disordered
P04183,74,192,structured
P04183,193,234,disordered
P04198,1,27,structured
P04198,28,60,disordered
P04198,61,464,structured
P04273,1,22,structured
P04273,23,126,disordered
P04273,127,254,structured
P04325,1,33,structured
P04325,34,50,disordered
P04325,51,65,structured
P04325,66,116,disordered
P04383,1,81,disordered
P04383,82,348,structured
P04386,1,49,structured
P04386,50,144,disordered
P04386,145,881,structured
P04480,1,172,disordered
P04480,173,592,structured
P04554,1,45,structured
P04554,46,102,disordered
P04578,1,126,structured
P04578,127,196,disordered
P04578,197,397,structured
P04578,398,409,disordered
P04578,410,856,structured
P04584,1,110,structured
P04584,111,135,disordered
P04584,136,1464,structured
P04626,1,23,structured
P04626,24,27,disordered
P04626,28,36,structured
P04626,37,38,disordered
P04626,39,66,structured
P04626,67,68,disordered
P04626,69,119,structured
P04626,120,134,disordered
P04626,135,173,structured
P04626,174,176,disordered
P04626,177,184,structured
P04626,185,191,disordered
P04626,192,194,structured
P04626,195,202,disordered
P04626,203,204,structured
P04626,205,219,disordered
P04626,220,269,structured
P04626,270,274,disordered
P04626,275,324,structured
P04626,325,327,disordered
P04626,328,334,structured
P04626,335,336,disordered
P04626,337,382,structured
P04626,383,388,disordered
P04626,389,528,structured
P04626,529,530,disordered
P04626,531,586,structured
P04626,587,653,disordered
P04626,654,702,structured
P04626,703,705,disordered
P04626,706,756,structured
P04626,757,760,disordered
P04626,761,865,structured
P04626,866,883,disordered
P04626,884,987,structured
P04626,988,1255,disordered
P04711,1,123,structured
P04711,124,140,disordered
P04711,141,970,structured
P04807,1,17,disordered
P04807,18,486,structured
P04818,1,27,disordered
P04818,28,106,structured
P04818,107,128,disordered
P04818,129,313,structured
P04859,1,473,structured
P04859,474,518,disordered
P04859,519,568,structured
P04908,1,130,disordered
P04968,1,480,structured
P04968,481,496,disordered
P04968,497,514,structured
P04972,1,87,disordered
P05019,1,69,structured
P05019,70,90,disordered
P05019,91,195,structured
P05031,1,356,structured
P05031,357,383,disordered
P05031,384,510,structured
P05055,1,74,structured
P05055,75,84,disordered
P05055,85,237,structured
P05055,238,298,disordered
P05055,299,358,structured
P05055,359,370,disordered
P05055,371,385,structured
P05055,386,395,disordered
P05055,396,542,structured
P05055,543,711,disordered
P05059,1,449,disordered
P05067,1,17,structured
P05067,18,29,disordered
P05067,30,99,structured
P05067,100,106,disordered
P05067,107,123,structured
P05067,124,185,disordered
P05067,186,286,structured
P05067,287,288,disordered
P05067,289,341,structured
P05067,342,344,disordered
P05067,345,364,structured
P05067,365,713,disordered
P05067,714,728,structured
P05067,729,770,disordered
P05121,1,354,structured
P05121,355,370,disordered
P05121,371,402,structured
P05205,1,16,structured
P05205,17,22,disordered
P05205,23,74,structured
P05205,75,76,disordered
P05205,77,130,structured
P05205,131,140,disordered
P05205,141,199,structured
P05205,200,206,disordered
P05221,1,16,disordered
P05221,17,33,structured
P05221,34,42,disordered
P05221,43,67,structured
P05221,68,73,disordered
P05221,74,117,structured
P05221,118,200,disordered
P05231,1,27,structured
P05231,28,46,disordered
P05231,47,212,structured
P05318,1,106,disordered
P05367,1,88,structured
P05367,89,102,disordered
P05367,103,122,structured
P05387,1,115,disordered
P05452,1,49,disordered
P05452,50,202,structured
P05455,1,325,structured
P05455,326,408,disordered
P05546,1,19,structured
P05546,20,79,disordered
P05546,80,90,structured
P05546,91,113,disordered
P05546,114,499,structured
P05556,1,751,structured
P05556,752,798,disordered
P05661,1,627,structured
P05661,628,641,disordered
P05661,642,1962,structured
P06132,1,10,disordered
P06132,11,367,structured
P06400,1,83,structured
P06400,84,93,disordered
P06400,94,176,structured
P06400,177,184,disordered
P06400,185,206,structured
P06400,207,209,disordered
P06400,210,244,structured
P06400,245,269,disordered
P06400,270,303,structured
P06400,304,310,disordered
P06400,311,345,structured
P06400,346,370,disordered
P06400,371,371,structured
P06400,372,383,disordered
P06400,384,437,structured
P06400,438,439,disordered
P06400,440,464,structured
P06400,465,471,disordered
P06400,472,499,structured
P06400,500,513,disordered
P06400,514,576,structured
P06400,577,644,disordered
P06400,645,771,structured
P06400,772,928,disordered
P06401,1,566,disordered
P06401,567,631,structured
P06401,632,682,disordered
P06401,683,933,structured
P06454,1,111,disordered
P06701,1,7,disordered
P06701,8,17,structured
P06701,18,37,disordered
P06701,38,76,structured
P06701,77,82,disordered
P06701,83,158,structured
P06701,159,165,disordered
P06701,166,213,structured
P06701,214,549,disordered
P06701,550,617,structured
P06701,618,620,disordered
P06701,621,634,structured
P06701,635,638,disordered
P06701,639,760,structured
P06701,761,768,disordered
P06701,769,839,structured
P06701,840,848,disordered
P06701,849,975,structured
P06701,976,978,disordered
P06709,1,211,structured
P06709,212,234,disordered
P06709,235,321,structured
P06734,1,149,structured
P06734,150,159,disordered
P06734,160,243,structured
P06734,244,258,disordered
P06734,259,292,structured
P06734,293,321,disordered
P06748,1,259,disordered
P06748,260,294,structured
P06782,1,196,structured
P06782,197,214,disordered
P06782,215,633,structured
P06786,1,258,structured
P06786,259,275,disordered
P06786,276,408,structured
P06786,409,420,disordered
P06786,421,631,structured
P06786,632,681,disordered
P06786,682,1070,structured
P06786,1071,1106,disordered
P06786,1107,1177,structured
P06786,1178,1201,disordered
P06786,1202,1428,structured
P06836,1,242,disordered
P06968,1,136,structured
P06968,137,152,disordered
P07140,1,141,structured
P07140,142,173,disordered
P07140,174,612,structured
P07140,613,623,disordered
P07140,624,649,structured
P07197,1,789,structured
P07197,790,916,disordered
P07237,1,322,structured
P07237,323,334,disordered
P07237,335,347,structured
P07237,348,357,disordered
P07237,358,478,structured
P07237,479,508,disordered
P07248,1,74,structured
P07248,75,103,disordered
P07248,104,1323,structured
P07250,1,24,disordered
P07250,25,45,structured
P07250,46,57,disordered
P07250,58,75,structured
P07250,76,110,disordered
P07250,111,286,structured
P07250,287,316,disordered
P07250,317,355,structured
P07276,1,34,structured
P07276,35,52,disordered
P07276,53,87,structured
P07276,88,111,disordered
P07276,112,639,structured
P07276,640,767,disordered
P07276,768,830,structured
P07276,831,834,disordered
P07276,835,898,structured
P07276,899,908,disordered
P07276,909,925,structured
P07276,926,927,disordered
P07276,928,982,structured
P07276,983,986,disordered
P07276,987,1031,structured
P07293,1,664,structured
P07293,665,791,disordered
P07293,792,1873,structured
P07342,1,579,structured
P07342,580,595,disordered
P07342,596,646,structured
P07342,647,687,disordered
P07363,1,123,structured
P07363,124,158,disordered
P07363,159,227,structured
P07363,228,257,disordered
P07363,258,654,structured
P07550,1,341,structured
P07550,342,413,disordered
P07567,1,545,structured
P07567,546,605,disordered
P07567,606,657,structured
P07598,1,398,structured
P07598,399,421,disordered
P07673,1,105,disordered
P07673,106,364,structured
P07674,1,137,disordered
P07674,138,251,structured
P07674,252,294,disordered
P07674,295,358,structured
P07814,1,997,structured
P07814,998,1015,disordered
P07814,1016,1463,structured
P07814,1464,1473,disordered
P07814,1474,1512,structured
P07902,1,21,disordered
P07902,22,48,structured
P07902,49,63,disordered
P07902,64,366,structured
P07902,367,379,disordered
P08008,1,100,disordered
P08008,101,219,structured
P08050,1,254,structured
P08050,255,382,disordered
P08067,1,80,structured
P08067,81,92,disordered
P08067,93,215,structured
P08083,1,90,disordered
P08083,91,387,structured
P08179,1,109,structured
P08179,110,132,disordered
P08179,133,212,structured
P08235,1,602,disordered
P08235,603,984,structured
P08240,1,129,structured
P08240,130,238,disordered
P08240,239,638,structured
P08245,1,31,disordered
P08245,32,108,structured
P08253,1,278,structured
P08253,279,282,disordered
P08253,283,442,structured
P08253,443,460,disordered
P08253,461,660,structured
P08263,1,1,structured
P08263,2,222,disordered
P08294,1,18,structured
P08294,19,54,disordered
P08294,55,223,structured
P08294,224,240,disordered
P08392,1,257,structured
P08392,258,289,disordered
P08392,290,1298,structured
P08476,1,29,structured
P08476,30,50,disordered
P08476,51,180,structured
P08476,181,201,disordered
P08476,202,299,structured
P08476,300,320,disordered
P08476,321,329,structured
P08476,330,338,disordered
P08476,339,354,structured
P08476,355,389,disordered
P08476,390,407,structured
P08476,408,409,disordered
P08476,410,426,structured
P08514,1,988,structured
P08514,989,1039,disordered
P08523,1,34,structured
P08523,35,49,disordered
P08523,50,56,structured
P08523,57,68,disordered
P08523,69,83,structured
P08523,84,99,disordered
P08523,100,163,structured
P08572,1,1628,structured
P08572,1629,1638,disordered
P08572,1639,1679,structured
P08572,1680,1696,disordered
P08572,1697,1712,structured
P08581,1,24,structured
P08581,25,41,disordered
P08581,42,91,structured
P08581,92,110,disordered
P08581,111,150,structured
P08581,151,155,disordered
P08581,156,163,structured
P08581,164,167,disordered
P08581,168,205,structured
P08581,206,209,disordered
P08581,210,301,structured
P08581,302,311,disordered
P08581,312,377,structured
P08581,378,383,disordered
P08581,384,393,structured
P08581,394,414,disordered
P08581,415,564,structured
P08581,565,567,disordered
P08581,568,627,structured
P08581,628,633,disordered
P08581,634,657,structured
P08581,658,740,disordered
P08581,741,996,structured
P08581,997,1009,disordered
P08581,1010,1037,structured
P08581,1038,1066,disordered
P08581,1067,1084,structured
P08581,1085,1090,disordered
P08581,1091,1097,structured
P08581,1098,1104,disordered
P08581,1105,1111,structured
P08581,1112,1122,disordered
P08581,1123,1146,structured
P08581,1147,1152,disordered
P08581,1153,1222,structured
P08581,1223,1246,disordered
P08581,1247,1283,structured
P08581,1284,1291,disordered
P08581,1292,1304,structured
P08581,1305,1307,disordered
P08581,1308,1344,structured
P08581,1345,1351,disordered
P08581,1352,1354,structured
P08581,1355,1360,disordered
P08581,1361,1390,structured
P08621,1,62,disordered
P08621,63,89,structured
P08621,90,102,disordered
P08621,103,180,structured
P08621,181,437,disordered
P08669,1,58,disordered
P08669,59,491,structured
P08775,1,1528,structured
P08775,1529,1970,disordered
P09012,1,7,disordered
P09012,8,48,structured
P09012,49,50,disordered
P09012,51,89,structured
P09012,90,282,disordered
P09038,1,133,structured
P09038,134,161,disordered
P09038,162,285,structured
P09038,286,288,disordered
P09077,1,297,structured
P09077,298,331,disordered
P09077,332,417,structured
P09132,1,144,disordered
P09327,1,359,structured
P09327,360,613,disordered
P09327,614,827,structured
P09372,1,32,disordered
P09372,33,197,structured
P09415,1,23,disordered
P09415,24,120,structured
P09651,1,8,disordered
P09651,9,91,structured
P09651,92,102,disordered
P09651,103,181,structured
P09651,182,196,disordered
P09651,197,308,structured
P09651,309,357,disordered
P09651,358,372,structured
P09693,1,23,disordered
P09693,24,138,structured
P09693,139,182,disordered
P09803,1,155,structured
P09803,156,160,disordered
P09803,161,182,structured
P09803,183,187,disordered
P09803,188,260,structured
P09803,261,300,disordered
P09803,301,369,structured
P09803,370,380,disordered
P09803,381,590,structured
P09803,591,617,disordered
P09803,618,623,structured
P09803,624,700,disordered
P09803,701,731,structured
P09803,732,884,disordered
P09883,1,83,disordered
P09883,84,582,structured
P09919,1,156,structured
P09919,157,166,disordered
P09919,167,207,structured
P09938,1,41,disordered
P09938,42,359,structured
P09938,360,399,disordered
P09950,1,57,structured
P09950,58,71,disordered
P09950,72,82,structured
P09950,83,113,disordered
P09950,114,146,structured
P09950,147,156,disordered
P09950,157,537,structured
P09950,538,548,disordered
P09951,1,1,structured
P09951,2,111,disordered
P09951,112,704,structured
P09983,1,961,structured
P09983,962,1023,disordered
P0A0V3,1,229,structured
P0A0V3,230,242,disordered
P0A4T9,1,110,structured
P0A4T9,111,159,disordered
P0A4T9,160,253,structured
P0A6G1,1,16,structured
P0A6G1,17,31,disordered
P0A6G1,32,97,structured
P0A6H5,1,174,structured
P0A6H5,175,209,disordered
P0A6H5,210,443,structured
P0A6R3,1,98,disordered
P0A6X3,1,74,structured
P0A6X3,75,102,disordered
P0A705,1,381,disordered
P0A705,382,890,structured
P0A707,1,77,structured
P0A707,78,89,disordered
P0A707,90,180,structured
P0A7G2,1,100,structured
P0A7G2,101,133,disordered
P0A7K2,1,32,structured
P0A7K2,33,43,disordered
P0A7K2,44,121,structured
P0A7U3,1,81,structured
P0A7U3,82,92,disordered
P0A877,1,53,structured
P0A877,54,74,disordered
P0A877,75,268,structured
P0A882,1,108,disordered
P0A8H9,1,39,structured
P0A8H9,40,65,disordered
P0A8S9,1,82,structured
P0A8S9,83,116,disordered
P0A903,1,344,disordered
P0A910,1,38,structured
P0A910,39,51,disordered
P0A910,52,166,structured
P0A910,167,180,disordered
P0A910,181,346,structured
P0A968,1,74,disordered
P0A9A6,1,316,structured
P0A9A6,317,383,disordered
P0A9D4,1,262,structured
P0A9D4,263,273,disordered
P0A9H7,1,1,structured
P0A9H7,2,13,disordered
P0A9H7,14,99,structured
P0A9H7,100,120,disordered
P0A9H7,121,382,structured
P0A9I5,1,75,structured
P0A9I5,76,87,disordered
P0A9J4,1,293,structured
P0A9J4,294,303,disordered
P0A9K9,1,152,structured
P0A9K9,153,196,disordered
P0A9Q9,1,231,structured
P0A9Q9,232,242,disordered
P0A9Q9,243,367,structured
P0AAC0,1,268,structured
P0AAC0,269,282,disordered
P0AAC0,283,316,structured
P0AB38,1,20,structured
P0AB38,21,80,disordered
P0AB38,81,213,structured
P0AB71,1,177,structured
P0AB71,178,194,disordered
P0AB71,195,359,structured
P0ABE0,1,77,disordered
P0ABE0,78,156,structured
P0ABI8,1,51,disordered
P0ABI8,52,552,structured
P0ABI8,553,663,disordered
P0ABJ1,1,26,disordered
P0ABJ1,27,283,structured
P0ABJ1,284,315,disordered
P0ABJ3,1,18,disordered
P0ABJ3,19,204,structured
P0ABK7,1,151,disordered
P0ABQ4,1,8,structured
P0ABQ4,9,24,disordered
P0ABQ4,25,62,structured
P0ABQ4,63,72,disordered
P0ABQ4,73,115,structured
P0ABQ4,116,132,disordered
P0ABQ4,133,159,structured
P0ABS1,1,16,structured
P0ABS1,17,33,disordered
P0ABS1,34,151,structured
P0ABS5,1,12,disordered
P0ABS5,13,581,structured
P0AC88,1,34,structured
P0AC88,35,55,disordered
P0AC88,56,358,structured
P0AC88,359,372,disordered
P0AC88,373,373,structured
P0ACF8,1,56,structured
P0ACF8,57,89,disordered
P0ACF8,90,137,structured
P0ACN7,1,67,disordered
P0ACN7,68,341,structured
P0ACX9,1,20,disordered
P0ACX9,21,63,structured
P0AD27,1,244,disordered
P0AD27,245,586,structured
P0AD49,1,90,structured
P0AD49,91,113,disordered
P0ADC1,1,19,structured
P0ADC1,20,32,disordered
P0ADC1,33,169,structured
P0ADC1,170,182,disordered
P0ADC1,183,193,structured
P0ADV9,1,23,structured
P0ADV9,24,58,disordered
P0ADV9,59,191,structured
P0AE70,1,15,structured
P0AE70,16,29,disordered
P0AE70,30,111,structured
P0AE72,1,47,structured
P0AE72,48,82,disordered
P0AE98,1,18,structured
P0AE98,19,49,disordered
P0AE98,50,138,structured
P0AES9,1,21,structured
P0AES9,22,110,disordered
P0AFC3,1,14,disordered
P0AFC3,15,38,structured
P0AFC3,39,59,disordered
P0AFC3,60,127,structured
P0AFC3,128,147,disordered
P0AFC7,1,42,disordered
P0AFC7,43,179,structured
P0AFC7,180,189,disordered
P0AFC7,190,220,structured
P0AFD1,1,10,disordered
P0AFD1,11,166,structured
P0AFD6,1,22,disordered
P0AFD6,23,180,structured
P0AFE0,1,164,structured
P0AFE0,165,184,disordered
P0AFG0,1,44,structured
P0AFG0,45,65,disordered
P0AFG0,66,116,structured
P0AFG0,117,131,disordered
P0AFG0,132,181,structured
P0AFG8,1,55,disordered
P0AFG8,56,400,structured
P0AFG8,401,413,disordered
P0AFG8,414,540,structured
P0AFG8,541,557,disordered
P0AFG8,558,887,structured
P0AFX7,1,76,structured
P0AFX7,77,108,disordered
P0AFX7,109,120,structured
P0AFX7,121,216,disordered
P0AFZ3,1,110,structured
P0AFZ3,111,165,disordered
P0AG11,1,139,disordered
P0AG16,1,483,structured
P0AG16,484,505,disordered
P0AG30,1,30,disordered
P0AG30,31,354,structured
P0AG30,355,411,disordered
P0AG30,412,419,structured
P0AG67,1,72,structured
P0AG67,73,86,disordered
P0AG67,87,176,structured
P0AG67,177,557,disordered
P0AG86,1,142,structured
P0AG86,143,155,disordered
P0C066,1,19,structured
P0C066,20,29,disordered
P0C066,30,359,structured
P0C077,1,80,structured
P0C077,81,95,disordered
P0C079,1,79,disordered
P0C0Y1,1,11,disordered
P0C0Y1,12,49,structured
P0C5S4,1,84,structured
P0C5S4,85,97,disordered
P0C5S4,98,114,structured
P0C746,1,2,structured
P0C746,3,77,disordered
P0C746,78,209,structured
P0CE18,1,19,structured
P0CE18,20,99,disordered
P0CE18,100,264,structured
P0CF51,1,101,structured
P0CF51,102,112,disordered
P0CF51,113,173,structured
P0CL52,1,425,structured
P0CL52,426,513,disordered
P0CL52,514,658,structured
P0CL52,659,685,disordered
P0CU49,1,238,disordered
P0CU51,1,229,disordered
P0DJ89,1,217,structured
P0DJ89,218,314,disordered
P0DJ89,315,337,structured
P0DMC7,1,132,structured
P0DMC7,133,147,disordered
P0DMC7,148,216,structured
P0DMM9,1,63,structured
P0DMM9,64,77,disordered
P0DMM9,78,215,structured
P0DMM9,216,261,disordered
P0DMM9,262,295,structured
P0DN86,1,131,structured
P0DN86,132,165,disordered
P0DOC6,1,102,structured
P0DOC6,103,174,disordered
P0DOC6,175,913,structured
P0DOC6,914,1005,disordered
P0DOC6,1006,1389,structured
P0DOF3,1,104,structured
P0DOF3,105,118,disordered
P0DOF3,119,375,structured
P0DOF3,376,397,disordered
P0DOF3,398,450,structured
P0DSM4,1,25,disordered
P0DTC2,1,26,disordered
P0DTC2,27,66,structured
P0DTC2,67,80,disordered
P0DTC2,81,141,structured
P0DTC2,142,164,disordered
P0DTC2,165,172,structured
P0DTC2,173,185,disordered
P0DTC2,186,245,structured
P0DTC2,246,262,disordered
P0DTC2,263,318,structured
P0DTC2,319,541,disordered
P0DTC2,542,620,structured
P0DTC2,621,640,disordered
P0DTC2,641,672,structured
P0DTC2,673,687,disordered
P0DTC2,688,827,structured
P0DTC2,828,853,disordered
P0DTC2,854,1146,structured
P0DTC2,1147,1273,disordered
P0DTC3,1,40,disordered
P0DTC3,41,238,structured
P0DTC3,239,275,disordered
P0DTC4,1,60,structured
P0DTC4,61,75,disordered
P0DTH5,1,45,disordered
P0DTH5,46,376,structured
P10071,1,105,structured
P10071,106,236,disordered
P10071,237,327,structured
P10071,328,344,disordered
P10071,345,1580,structured
P10121,1,187,disordered
P10121,188,497,structured
P10275,1,537,disordered
P10275,538,621,structured
P10275,622,636,disordered
P10275,637,641,structured
P10275,642,672,disordered
P10275,673,843,structured
P10275,844,852,disordered
P10275,853,918,structured
P10275,919,920,disordered
P10388,1,167,structured
P10388,168,461,disordered
P10388,462,848,structured
P10415,1,9,disordered
P10415,10,25,structured
P10415,26,91,disordered
P10415,92,203,structured
P10415,204,207,disordered
P10415,208,239,structured
P10451,1,314,disordered
P10565,1,34,disordered
P10565,35,448,structured
P10619,1,287,structured
P10619,288,327,disordered
P10619,328,480,structured
P10674,1,313,structured
P10674,314,330,disordered
P10674,331,652,structured
P10686,1,769,structured
P10686,770,787,disordered
P10686,788,1290,structured
P10688,1,132,structured
P10688,133,157,disordered
P10688,158,445,structured
P10688,446,483,disordered
P10688,484,756,structured
P10721,1,543,structured
P10721,544,565,disordered
P10721,566,976,structured
P10761,1,118,structured
P10761,119,131,disordered
P10761,132,424,structured
P10902,1,43,structured
P10902,44,56,disordered
P10902,57,103,structured
P10902,104,141,disordered
P10902,142,540,structured
P10912,1,269,structured
P10912,270,620,disordered
P10912,621,638,structured
P10961,1,167,disordered
P10961,168,259,structured
P10961,260,332,disordered
P10961,333,833,structured
P10997,1,22,structured
P10997,23,89,disordered
P11021,1,24,disordered
P11021,25,633,structured
P11021,634,654,disordered
P11166,1,455,structured
P11166,456,492,disordered
P11233,1,10,disordered
P11233,11,186,structured
P11233,187,203,disordered
P11233,204,206,structured
P11274,1,72,disordered
P11274,73,621,structured
P11274,622,638,disordered
P11274,639,1265,structured
P11274,1266,1271,disordered
P11309,1,13,structured
P11309,14,31,disordered
P11309,32,313,structured
P11387,1,214,disordered
P11387,215,627,structured
P11387,628,719,disordered
P11387,720,765,structured
P11409,1,178,structured
P11409,179,216,disordered
P11409,217,336,structured
P11632,1,25,disordered
P11632,26,93,structured
P11746,1,1,structured
P11746,2,17,disordered
P11746,18,286,structured
P11795,1,1,structured
P11795,2,101,disordered
P11795,102,388,structured
P11859,1,40,structured
P11859,41,51,disordered
P11859,52,428,structured
P11859,429,440,disordered
P11859,441,477,structured
P11912,1,165,structured
P11912,166,226,disordered
P11926,1,18,disordered
P11926,19,421,structured
P11926,422,461,disordered
P11938,1,123,disordered
P11938,124,352,structured
P11938,353,359,disordered
P11938,360,479,structured
P11938,480,512,disordered
P11938,513,564,structured
P11938,565,602,disordered
P11938,603,626,structured
P11938,627,676,disordered
P11938,677,823,structured
P11938,824,827,disordered
P12081,1,52,disordered
P12081,53,343,structured
P12081,344,355,disordered
P12081,356,509,structured
P12272,1,36,structured
P12272,37,50,disordered
P12272,51,67,structured
P12272,68,144,disordered
P12272,145,177,structured
P12301,1,119,disordered
P12301,120,232,structured
P12302,1,96,disordered
P12302,97,116,structured
P12302,117,188,disordered
P12302,189,267,structured
P12355,1,77,disordered
P12355,78,231,structured
P12357,1,69,structured
P12357,70,167,disordered
P12359,1,88,disordered
P12359,89,332,structured
P12464,1,83,structured
P12464,84,173,disordered
P12520,1,96,disordered
P12537,1,303,structured
P12537,304,585,disordered
P12810,1,42,disordered
P12810,43,151,structured
P12931,1,87,disordered
P12931,88,143,structured
P12931,144,147,disordered
P12931,148,181,structured
P12931,182,185,disordered
P12931,186,249,structured
P12931,250,252,disordered
P12931,253,253,structured
P12931,254,271,disordered
P12931,272,276,structured
P12931,277,282,disordered
P12931,283,284,structured
P12931,285,292,disordered
P12931,293,300,structured
P12931,301,317,disordered
P12931,318,406,structured
P12931,407,427,disordered
P12931,428,524,structured
P12931,525,536,disordered
P12956,1,34,disordered
P12956,35,222,structured
P12956,223,230,disordered
P12956,231,532,structured
P12956,533,609,disordered
P12996,1,315,structured
P12996,316,346,disordered
P13010,1,5,disordered
P13010,6,169,structured
P13010,170,181,disordered
P13010,182,189,structured
P13010,190,191,disordered
P13010,192,323,structured
P13010,324,326,disordered
P13010,327,542,structured
P13010,543,594,disordered
P13010,595,704,structured
P13010,705,732,disordered
P13021,1,250,structured
P13021,251,272,disordered
P13022,1,270,structured
P13022,271,281,disordered
P13183,1,35,structured
P13183,36,56,disordered
P13183,57,80,structured
P13199,1,7,structured
P13199,8,107,disordered
P13199,108,417,structured
P13255,1,41,disordered
P13255,42,293,structured
P13338,1,31,disordered
P13338,32,102,structured
P13338,103,112,disordered
P13551,1,39,structured
P13551,40,67,disordered
P13551,68,415,structured
P13551,416,434,disordered
P13551,435,463,structured
P13551,464,475,disordered
P13551,476,691,structured
P13569,1,374,structured
P13569,375,390,disordered
P13569,391,401,structured
P13569,402,439,disordered
P13569,440,532,structured
P13569,533,538,disordered
P13569,539,541,structured
P13569,542,546,disordered
P13569,547,635,structured
P13569,636,648,disordered
P13569,649,653,structured
P13569,654,838,disordered
P13569,839,1192,structured
P13569,1193,1203,disordered
P13569,1204,1480,structured
P13647,1,167,disordered
P13647,168,349,structured
P13647,350,381,disordered
P13647,382,477,structured
P13647,478,590,disordered
P13674,1,150,structured
P13674,151,160,disordered
P13674,161,534,structured
P13693,1,10,structured
P13693,11,14,disordered
P13693,15,29,structured
P13693,30,31,disordered
P13693,32,36,structured
P13693,37,68,disordered
P13693,69,172,structured
P13848,1,1,structured
P13848,2,98,disordered
P14061,1,190,structured
P14061,191,199,disordered
P14061,200,285,structured
P14061,286,328,disordered
P14448,1,18,structured
P14448,19,44,disordered
P14448,45,238,structured
P14448,239,505,disordered
P14448,506,741,structured
P14598,1,3,disordered
P14598,4,150,structured
P14598,151,156,disordered
P14598,157,169,structured
P14598,170,172,disordered
P14598,173,212,structured
P14598,213,228,disordered
P14598,229,283,structured
P14598,284,285,disordered
P14598,286,295,structured
P14598,296,330,disordered
P14598,331,332,structured
P14598,333,340,disordered
P14598,341,342,structured
P14598,343,390,disordered
P14602,1,191,structured
P14602,192,209,disordered
P14635,1,78,disordered
P14635,79,164,structured
P14635,165,170,disordered
P14635,171,424,structured
P14635,425,433,disordered
P14653,1,169,structured
P14653,170,176,disordered
P14653,177,185,structured
P14653,186,206,disordered
P14653,207,301,structured
P14678,1,7,disordered
P14678,8,45,structured
P14678,46,64,disordered
P14678,65,86,structured
P14678,87,240,disordered
P14736,1,125,disordered
P14736,126,300,structured
P14736,301,303,disordered
P14736,304,515,structured
P14736,516,527,disordered
P14736,528,599,structured
P14736,600,605,disordered
P14736,606,629,structured
P14736,630,754,disordered
P14738,1,507,structured
P14738,508,547,disordered
P14738,548,638,structured
P14738,639,672,disordered
P14738,673,744,structured
P14738,745,874,disordered
P14738,875,1018,structured
P14859,1,200,disordered
P14859,201,277,structured
P14859,278,284,disordered
P14859,285,354,structured
P14859,355,384,disordered
P14859,385,436,structured
P14859,437,442,disordered
P14859,443,743,structured
P14867,1,350,structured
P14867,351,410,disordered
P14867,411,456,structured
P14868,1,20,disordered
P14868,21,162,structured
P14868,163,172,disordered
P14868,173,223,structured
P14868,224,247,disordered
P14868,248,272,structured
P14868,273,282,disordered
P14868,283,501,structured
P14907,1,608,disordered
P14907,609,823,structured
P14921,1,28,structured
P14921,29,49,disordered
P14921,50,243,structured
P14921,244,333,disordered
P14921,334,425,structured
P14921,426,441,disordered
P15056,1,431,structured
P15056,432,447,disordered
P15056,448,596,structured
P15056,597,614,disordered
P15056,615,766,structured
P15146,1,467,disordered
P15146,468,1861,structured
P15183,1,59,disordered
P15183,60,380,structured
P15273,1,19,structured
P15273,20,63,disordered
P15273,64,468,structured
P15309,1,247,structured
P15309,248,286,disordered
P15309,287,386,structured
P15311,1,129,structured
P15311,130,150,disordered
P15311,151,297,structured
P15311,298,586,disordered
P15374,1,146,structured
P15374,147,166,disordered
P15374,167,230,structured
P15382,1,23,structured
P15382,24,45,disordered
P15382,46,71,structured
P15382,72,91,disordered
P15382,92,106,structured
P15382,107,129,disordered
P15391,1,137,structured
P15391,138,152,disordered
P15391,153,556,structured
P15436,1,1006,structured
P15436,1007,1051,disordered
P15436,1052,1097,structured
P15442,1,664,structured
P15442,665,767,disordered
P15442,768,860,structured
P15442,861,882,disordered
P15442,883,920,structured
P15442,921,951,disordered
P15442,952,1518,structured
P15442,1519,1537,disordered
P15442,1538,1659,structured
P15498,1,129,structured
P15498,130,141,disordered
P15498,142,150,structured
P15498,151,155,disordered
P15498,156,180,structured
P15498,181,188,disordered
P15498,189,416,structured
P15498,417,419,disordered
P15498,420,457,structured
P15498,458,463,disordered
P15498,464,475,structured
P15498,476,481,disordered
P15498,482,564,structured
P15498,565,584,disordered
P15498,585,845,structured
P15825,1,29,structured
P15825,30,62,disordered
P15825,63,73,structured
P15825,74,348,disordered
P15848,1,405,structured
P15848,406,422,disordered
P15848,423,533,structured
P15865,1,219,disordered
P15927,1,44,disordered
P15927,45,108,structured
P15927,109,117,disordered
P15927,118,170,structured
P15927,171,270,disordered
P15941,1,920,structured
P15941,921,922,disordered
P15941,923,928,structured
P15941,929,931,disordered
P15941,932,1144,structured
P15941,1145,1152,disordered
P15941,1153,1183,structured
P15941,1184,1198,disordered
P15941,1199,1255,structured
P16006,1,62,structured
P16006,63,82,disordered
P16006,83,193,structured
P16009,1,345,structured
P16009,346,361,disordered
P16009,362,575,structured
P16035,1,208,structured
P16035,209,220,disordered
P16050,1,21,structured
P16050,22,162,disordered
P16050,163,662,structured
P16070,1,152,structured
P16070,153,178,disordered
P16070,179,668,structured
P16070,669,742,disordered
P16243,1,62,structured
P16243,63,79,disordered
P16243,80,636,structured
P16278,1,530,structured
P16278,531,544,disordered
P16278,545,647,structured
P16278,648,677,disordered
P16333,1,58,structured
P16333,59,108,disordered
P16333,109,377,structured
P16442,1,178,structured
P16442,179,194,disordered
P16442,195,354,structured
P16458,1,232,structured
P16458,233,385,disordered
P16471,1,235,structured
P16471,236,598,disordered
P16471,599,622,structured
P16860,1,77,disordered
P16860,78,134,structured
P16869,1,36,structured
P16869,37,57,disordered
P16869,58,729,structured
P17109,1,471,structured
P17109,472,488,disordered
P17109,489,556,structured
P17120,1,71,disordered
P17120,72,1184,structured
P17181,1,48,structured
P17181,49,58,disordered
P17181,59,329,structured
P17181,330,436,disordered
P17181,437,557,structured
P17405,1,48,structured
P17405,49,85,disordered
P17405,86,613,structured
P17405,614,631,disordered
P17480,1,546,structured
P17480,547,560,disordered
P17480,561,764,structured
P17810,1,283,structured
P17810,284,346,disordered
P17931,1,115,disordered
P17931,116,250,structured
P17947,1,117,structured
P17947,118,165,disordered
P17947,166,270,structured
P18065,1,311,structured
P18065,312,325,disordered
P18075,1,292,structured
P18075,293,327,disordered
P18075,328,431,structured
P18272,1,24,structured
P18272,25,240,disordered
P18272,241,599,structured
P18272,600,645,disordered
P18272,646,739,structured
P18615,1,138,structured
P18615,139,378,disordered
P18615,379,380,structured
P18827,1,22,structured
P18827,23,254,disordered
P18827,255,302,structured
P18827,303,310,disordered
P19250,1,24,structured
P19250,25,35,disordered
P19250,36,189,structured
P19339,1,110,structured
P19339,111,123,disordered
P19339,124,157,structured
P19339,158,167,disordered
P19339,168,200,structured
P19339,201,211,disordered
P19339,212,243,structured
P19339,244,253,disordered
P19339,254,354,structured
P19429,1,40,disordered
P19429,41,128,structured
P19429,129,164,disordered
P19429,165,166,structured
P19429,167,210,disordered
P19525,1,79,structured
P19525,80,100,disordered
P19525,101,169,structured
P19525,170,255,disordered
P19525,256,333,structured
P19525,334,357,disordered
P19525,358,374,structured
P19525,375,389,disordered
P19525,390,436,structured
P19525,437,465,disordered
P19525,466,482,structured
P19525,483,500,disordered
P19525,501,541,structured
P19525,542,551,disordered
P19554,1,38,structured
P19554,39,81,disordered
P19594,1,21,structured
P19594,22,64,disordered
P19594,65,158,structured
P19597,1,18,structured
P19597,19,105,disordered
P19597,106,397,structured
P19634,1,679,structured
P19634,680,815,disordered
P19827,1,34,structured
P19827,35,44,disordered
P19827,45,652,structured
P19827,653,672,disordered
P19827,673,911,structured
P19880,1,299,structured
P19880,300,322,disordered
P19880,323,564,structured
P19880,565,650,disordered
P19957,1,22,structured
P19957,23,60,disordered
P19957,61,117,structured
P19972,1,145,structured
P19972,146,222,disordered
P20220,1,73,structured
P20220,74,112,disordered
P20239,1,462,structured
P20239,463,484,disordered
P20239,485,713,structured
P20351,1,368,structured
P20351,369,379,disordered
P20435,1,71,disordered
P20435,72,155,structured
P20444,1,605,structured
P20444,606,672,disordered
P20592,1,92,disordered
P20592,93,598,structured
P20592,599,621,disordered
P20592,622,715,structured
P20676,1,1076,disordered
P20807,1,268,structured
P20807,269,320,disordered
P20807,321,821,structured
P20963,1,48,structured
P20963,49,164,disordered
P21109,1,10,structured
P21109,11,44,disordered
P21109,45,330,structured
P21109,331,355,disordered
P21246,1,31,structured
P21246,32,46,disordered
P21246,47,83,structured
P21246,84,95,disordered
P21246,96,132,structured
P21246,133,168,disordered
P21397,1,11,disordered
P21397,12,464,structured
P21397,465,527,disordered
P21401,1,153,structured
P21401,154,370,disordered
P21401,371,378,structured
P21401,379,395,disordered
P21401,396,439,structured
P21401,440,469,disordered
P21401,470,1197,structured
P21513,1,497,structured
P21513,498,1061,disordered
P21517,1,131,disordered
P21517,132,418,structured
P21517,419,430,disordered
P21517,431,604,structured
P21575,1,346,structured
P21575,347,356,disordered
P21575,357,393,structured
P21575,394,404,disordered
P21575,405,496,structured
P21575,497,517,disordered
P21575,518,628,structured
P21575,629,652,disordered
P21575,653,864,structured
P21580,1,149,structured
P21580,150,161,disordered
P21580,162,212,structured
P21580,213,228,disordered
P21580,229,790,structured
P21583,1,91,structured
P21583,92,103,disordered
P21583,104,126,structured
P21583,127,141,disordered
P21583,142,273,structured
P21734,1,149,structured
P21734,150,172,disordered
P21734,173,215,structured
P21736,1,54,disordered
P21736,55,106,structured
P21793,1,14,disordered
P21793,15,30,structured
P21793,31,51,disordered
P21793,52,360,structured
P21815,1,317,disordered
P21952,1,318,structured
P21952,319,342,disordered
P21952,343,449,structured
P22033,1,11,structured
P22033,12,35,disordered
P22033,36,750,structured
P22121,1,195,disordered
P22121,196,259,structured
P22121,260,273,disordered
P22121,274,677,structured
P22173,1,30,disordered
P22173,31,792,structured
P22173,793,845,disordered
P22179,1,58,disordered
P22179,59,144,structured
P22216,1,31,disordered
P22216,32,78,structured
P22216,79,86,disordered
P22216,87,134,structured
P22216,135,139,disordered
P22216,140,155,structured
P22216,156,190,disordered
P22216,191,200,structured
P22216,201,210,disordered
P22216,211,229,structured
P22216,230,240,disordered
P22216,241,263,structured
P22216,264,268,disordered
P22216,269,342,structured
P22216,343,359,disordered
P22216,360,367,structured
P22216,368,383,disordered
P22216,384,408,structured
P22216,409,410,disordered
P22216,411,424,structured
P22216,425,429,disordered
P22216,430,446,structured
P22216,447,449,disordered
P22216,450,453,structured
P22216,454,455,disordered
P22216,456,471,structured
P22216,472,475,disordered
P22216,476,490,structured
P22216,491,512,disordered
P22216,513,799,structured
P22216,800,802,disordered
P22216,803,809,structured
P22216,810,818,disordered
P22216,819,821,structured
P22219,1,169,structured
P22219,170,193,disordered
P22219,194,377,structured
P22219,378,401,disordered
P22219,402,807,structured
P22219,808,833,disordered
P22219,834,886,structured
P22219,887,985,disordered
P22219,986,1454,structured
P22449,1,367,structured
P22449,368,382,disordered
P22449,383,474,structured
P22470,1,610,disordered
P22473,1,506,disordered
P22515,1,773,structured
P22515,774,796,disordered
P22515,797,1024,structured
P22523,1,58,structured
P22523,59,76,disordered
P22523,77,1486,structured
P22531,1,1,structured
P22531,2,20,disordered
P22531,21,47,structured
P22531,48,72,disordered
P22543,1,225,structured
P22543,226,273,disordered
P22543,274,437,structured
P22543,438,477,disordered
P22543,478,875,structured
P22605,1,179,structured
P22605,180,209,disordered
P22605,210,442,structured
P22605,443,482,disordered
P22868,1,130,structured
P22868,131,146,disordered
P22868,147,162,structured
P22868,163,172,disordered
P22868,173,348,structured
P22943,1,109,disordered
P22995,1,83,disordered
P23110,1,38,structured
P23110,39,48,disordered
P23110,49,67,structured
P23110,68,87,disordered
P23110,88,141,structured
P23280,1,20,structured
P23280,21,31,disordered
P23280,32,308,structured
P23441,1,156,disordered
P23441,157,372,structured
P23443,1,421,structured
P23443,422,525,disordered
P23457,1,311,structured
P23457,312,322,disordered
P23588,1,96,disordered
P23588,97,171,structured
P23588,172,611,disordered
P23632,1,94,structured
P23632,95,107,disordered
P23677,1,186,structured
P23677,187,204,disordered
P23677,205,461,structured
P23771,1,303,structured
P23771,304,314,disordered
P23771,315,443,structured
P23873,1,72,structured
P23873,73,88,disordered
P24005,1,24,disordered
P24005,25,256,structured
P24005,257,269,disordered
P24005,270,295,structured
P24071,1,216,structured
P24071,217,229,disordered
P24071,230,287,structured
P24348,1,1035,structured
P24348,1036,1047,disordered
P24348,1048,1323,structured
P24385,1,24,disordered
P24385,25,255,structured
P24385,256,295,disordered
P24522,1,16,disordered
P24522,17,104,structured
P24522,105,118,disordered
P24522,119,165,structured
P24588,1,88,structured
P24588,89,92,disordered
P24588,93,299,structured
P24588,300,427,disordered
P24785,1,164,disordered
P24785,165,310,structured
P24785,311,321,disordered
P24785,322,1158,structured
P24785,1159,1293,disordered
P24864,1,95,structured
P24864,96,102,disordered
P24864,103,359,structured
P24864,360,378,disordered
P24864,379,410,structured
P24937,1,24,structured
P24937,25,250,disordered
P25299,1,126,structured
P25299,127,232,disordered
P25299,233,296,structured
P25344,1,186,structured
P25344,187,249,disordered
P25344,250,346,structured
P25368,1,105,structured
P25368,106,119,disordered
P25368,120,297,structured
P25490,1,295,disordered
P25490,296,408,structured
P25490,409,414,disordered
P25638,1,91,structured
P25638,92,111,disordered
P25644,1,4,structured
P25644,5,24,disordered
P25644,25,54,structured
P25644,55,79,disordered
P25644,80,421,structured
P25644,422,469,disordered
P25644,470,796,structured
P25814,1,116,disordered
P25891,1,162,structured
P25891,163,179,disordered
P25891,180,300,structured
P25916,1,105,structured
P25916,106,240,disordered
P25916,241,324,structured
P26196,1,80,structured
P26196,81,93,disordered
P26196,94,295,structured
P26196,296,307,disordered
P26196,308,393,structured
P26196,394,400,disordered
P26196,401,423,structured
P26196,424,430,disordered
P26196,431,462,structured
P26196,463,483,disordered
P26285,1,31,disordered
P26285,32,451,structured
P26285,452,531,disordered
P26332,1,384,structured
P26332,385,400,disordered
P26332,401,442,structured
P26332,443,459,disordered
P26332,460,476,structured
P26368,1,83,structured
P26368,84,112,disordered
P26368,113,140,structured
P26368,141,144,disordered
P26368,145,230,structured
P26368,231,259,disordered
P26368,260,475,structured
P26447,1,90,structured
P26447,91,101,disordered
P26477,1,97,disordered
P27058,1,200,disordered
P27177,1,24,structured
P27177,25,134,disordered
P27177,135,199,structured
P27177,200,217,disordered
P27177,218,273,structured
P27321,1,186,structured
P27321,187,285,disordered
P27321,286,570,structured
P27321,571,664,disordered
P27321,665,713,structured
P27392,1,56,structured
P27392,57,93,disordered
P27392,94,117,structured
P27469,1,103,disordered
P27472,1,401,structured
P27472,402,413,disordered
P27472,414,639,structured
P27472,640,705,disordered
P27682,1,24,structured
P27682,25,210,disordered
P27695,1,43,disordered
P27695,44,318,structured
P27797,1,17,structured
P27797,18,417,disordered
P27913,1,13,structured
P27913,14,23,disordered
P27913,24,791,structured
P27986,1,451,disordered
P27986,452,509,structured
P27986,510,520,disordered
P27986,521,579,structured
P27986,580,724,disordered
P28023,1,18,disordered
P28023,19,107,structured
P28023,108,191,disordered
P28023,192,1280,structured
P28300,1,21,structured
P28300,22,168,disordered
P28300,169,417,structured
P28307,1,151,disordered
P28324,1,2,disordered
P28324,3,91,structured
P28324,92,156,disordered
P28324,157,431,structured
P28472,1,337,structured
P28472,338,439,disordered
P28472,440,473,structured
P28583,1,328,structured
P28583,329,342,disordered
P28583,343,508,structured
P28698,1,13,disordered
P28698,14,734,structured
P28827,1,588,structured
P28827,589,742,disordered
P28827,743,1452,structured
P29083,1,9,disordered
P29083,10,112,structured
P29083,113,125,disordered
P29083,126,164,structured
P29083,165,174,disordered
P29083,175,196,structured
P29083,197,217,disordered
P29083,218,335,structured
P29083,336,393,disordered
P29083,394,432,structured
P29083,433,439,disordered
P29131,1,67,structured
P29131,68,79,disordered
P29131,80,93,structured
P29131,94,116,disordered
P29131,117,123,structured
P29131,124,215,disordered
P29131,216,319,structured
P29274,1,290,structured
P29274,291,412,disordered
P29317,1,760,structured
P29317,761,777,disordered
P29317,778,976,structured
P29375,1,183,structured
P29375,184,360,disordered
P29375,361,1690,structured
P29536,1,298,structured
P29536,299,313,disordered
P29536,314,600,structured
P29539,1,99,structured
P29539,100,184,disordered
P29539,185,684,structured
P29539,685,693,disordered
P29539,694,1243,structured
P29539,1244,1253,disordered
P29539,1254,1272,structured
P29539,1273,1321,disordered
P29539,1322,1751,structured
P29539,1752,1771,disordered
P29539,1772,1772,structured
P29539,1773,1860,disordered
P29539,1861,1909,structured
P29539,1910,1916,disordered
P29590,1,93,structured
P29590,94,104,disordered
P29590,105,545,structured
P29590,546,574,disordered
P29590,575,882,structured
P29617,1,1613,structured
P29617,1614,1626,disordered
P29617,1627,1703,structured
P30130,1,69,disordered
P30130,70,498,structured
P30130,499,518,disordered
P30130,519,878,structured
P30185,1,186,disordered
P30260,1,5,disordered
P30260,6,170,structured
P30260,171,458,disordered
P30260,459,681,structured
P30260,682,691,disordered
P30260,692,766,structured
P30260,767,824,disordered
P30273,1,39,structured
P30273,40,60,disordered
P30273,61,86,structured
P30291,1,435,structured
P30291,436,455,disordered
P30291,456,646,structured
P30307,1,132,structured
P30307,133,134,disordered
P30307,135,206,structured
P30307,207,244,disordered
P30307,245,269,structured
P30307,270,279,disordered
P30307,280,379,structured
P30307,380,381,disordered
P30307,382,448,structured
P30307,449,462,disordered
P30307,463,473,structured
P30328,1,24,disordered
P30328,25,437,structured
P30518,1,342,structured
P30518,343,371,disordered
P30531,1,46,disordered
P30531,47,577,structured
P30531,578,599,disordered
P30566,1,282,structured
P30566,283,294,disordered
P30566,295,474,structured
P30566,475,484,disordered
P30793,1,57,disordered
P30793,58,250,structured
P30996,1,204,structured
P30996,205,214,disordered
P30996,215,248,structured
P30996,249,260,disordered
P30996,261,415,structured
P30996,416,439,disordered
P30996,440,1274,structured
P31087,1,46,structured
P31087,47,58,disordered
P31087,59,67,structured
P31087,68,80,disordered
P31087,81,81,structured
P31109,1,93,disordered
P31109,94,117,structured
P31168,1,265,disordered
P31321,1,13,disordered
P31321,14,58,structured
P31321,59,81,disordered
P31321,82,381,structured
P31324,1,103,disordered
P31324,104,393,structured
P31324,394,416,disordered
P31327,1,561,structured
P31327,562,623,disordered
P31327,624,778,structured
P31327,779,792,disordered
P31327,793,1500,structured
P31431,1,18,structured
P31431,19,150,disordered
P31431,151,170,structured
P31431,171,198,disordered
P31751,1,142,structured
P31751,143,146,disordered
P31751,147,188,structured
P31751,189,202,disordered
P31751,203,294,structured
P31751,295,313,disordered
P31751,314,440,structured
P31751,441,481,disordered
P31896,1,27,disordered
P31896,28,639,structured
P32004,1,1143,structured
P32004,1144,1257,disordered
P32120,1,350,structured
P32120,351,420,disordered
P32131,1,444,structured
P32131,445,457,disordered
P32170,1,49,structured
P32170,50,64,disordered
P32170,65,419,structured
P32337,1,79,structured
P32337,80,90,disordered
P32337,91,1089,structured
P32357,1,152,structured
P32357,153,171,disordered
P32357,172,355,structured
P32499,1,720,disordered
P32504,1,956,disordered
P32521,1,1190,structured
P32521,1191,1480,disordered
P32566,1,339,structured
P32566,340,505,disordered
P32628,1,76,structured
P32628,77,147,disordered
P32628,148,184,structured
P32628,185,265,disordered
P32628,266,309,structured
P32628,310,398,disordered
P32684,1,252,structured
P32684,253,290,disordered
P32773,1,209,structured
P32773,210,240,disordered
P32773,241,286,structured
P32774,1,88,structured
P32774,89,103,disordered
P32774,104,122,structured
P32776,1,63,structured
P32776,64,85,disordered
P32776,86,121,structured
P32776,122,166,disordered
P32776,167,393,structured
P32776,394,412,disordered
P32776,413,446,structured
P32776,447,461,disordered
P32776,462,517,structured
P32776,518,535,disordered
P32776,536,642,structured
P32851,1,9,structured
P32851,10,26,disordered
P32851,27,184,structured
P32851,185,267,disordered
P32851,268,288,structured
P33128,1,121,structured
P33128,122,132,disordered
P33128,133,246,structured
P33309,1,47,structured
P33309,48,59,disordered
P33309,60,386,structured
P33411,1,197,structured
P33411,198,217,disordered
P33411,218,247,structured
P33411,248,251,disordered
P33734,1,260,structured
P33734,261,275,disordered
P33734,276,552,structured
P33897,1,1,structured
P33897,2,63,disordered
P33897,64,352,structured
P33897,353,375,disordered
P33897,376,436,structured
P33897,437,461,disordered
P33897,462,683,structured
P33897,684,745,disordered
P34087,1,56,structured
P34087,57,68,disordered
P34087,69,171,structured
P34257,1,103,structured
P34257,104,135,disordered
P34257,136,329,structured
P34704,1,164,structured
P34704,165,175,disordered
P34712,1,665,structured
P34712,666,715,disordered
P34712,716,1306,structured
P34712,1307,1321,disordered
P34741,1,18,structured
P34741,19,144,disordered
P34741,145,201,structured
P35052,1,349,structured
P35052,350,361,disordered
P35052,362,558,structured
P35201,1,364,structured
P35201,365,436,disordered
P35201,437,549,structured
P35207,1,541,structured
P35207,542,606,disordered
P35207,607,1287,structured
P35219,1,22,disordered
P35219,23,290,structured
P35236,1,36,structured
P35236,37,52,disordered
P35236,53,139,structured
P35236,140,147,disordered
P35236,148,195,structured
P35236,196,204,disordered
P35236,205,255,structured
P35236,256,261,disordered
P35236,262,276,structured
P35236,277,284,disordered
P35236,285,355,structured
P35236,356,360,disordered
P35256,1,241,structured
P35256,242,253,disordered
P35260,1,35,disordered
P35260,36,303,structured
P35269,1,1,structured
P35269,2,6,disordered
P35269,7,54,structured
P35269,55,92,disordered
P35269,93,153,structured
P35269,154,172,disordered
P35269,173,435,structured
P35269,436,450,disordered
P35269,451,517,structured
P35475,1,642,structured
P35475,643,653,disordered
P35520,1,40,disordered
P35520,41,551,structured
P35521,1,74,structured
P35521,75,85,disordered
P35521,86,92,structured
P35521,93,115,disordered
P35521,116,235,structured
P35568,1,3,structured
P35568,4,11,disordered
P35568,12,114,structured
P35568,115,159,disordered
P35568,160,262,structured
P35568,263,267,disordered
P35568,268,890,structured
P35568,891,893,disordered
P35568,894,1242,structured
P35585,1,217,structured
P35585,218,231,disordered
P35585,232,423,structured
P35611,1,429,structured
P35611,430,737,disordered
P35638,1,115,structured
P35638,116,168,disordered
P35638,169,169,structured
P35680,1,187,structured
P35680,188,230,disordered
P35680,231,557,structured
P35729,1,29,structured
P35729,30,52,disordered
P35729,53,1037,structured
P35790,1,49,structured
P35790,50,85,disordered
P35790,86,130,structured
P35790,131,140,disordered
P35790,141,150,structured
P35790,151,173,disordered
P35790,174,313,structured
P35790,314,326,disordered
P35790,327,457,structured
P35813,1,368,structured
P35813,369,382,disordered
P35828,1,256,disordered
P35828,257,1026,structured
P35869,1,544,structured
P35869,545,713,disordered
P35869,714,848,structured
P35916,1,76,structured
P35916,77,89,disordered
P35916,90,113,structured
P35916,114,123,disordered
P35916,124,469,structured
P35916,470,483,disordered
P35916,484,1363,structured
P35926,1,76,disordered
P35926,77,186,structured
P36080,1,295,disordered
P36080,296,393,structured
P36080,394,434,disordered
P36100,1,194,structured
P36100,195,482,disordered
P36106,1,232,disordered
P36106,233,365,structured
P36106,366,594,disordered
P36118,1,322,disordered
P36152,1,233,structured
P36152,234,348,disordered
P36578,1,45,structured
P36578,46,63,disordered
P36578,64,79,structured
P36578,80,114,disordered
P36578,115,300,structured
P36578,301,320,disordered
P36578,321,368,structured
P36578,369,427,disordered
P36776,1,122,disordered
P36776,123,221,structured
P36776,222,271,disordered
P36776,272,959,structured
P36871,1,255,structured
P36871,256,267,disordered
P36871,268,562,structured
P36886,1,42,disordered
P36886,43,131,structured
P36888,1,761,structured
P36888,762,782,disordered
P36888,783,947,structured
P36888,948,958,disordered
P36888,959,993,structured
P36894,1,103,structured
P36894,104,120,disordered
P36894,121,532,structured
P36932,1,45,structured
P36932,46,161,disordered
P36932,162,337,structured
P36952,1,331,structured
P36952,332,343,disordered
P36952,344,375,structured
P36955,1,20,structured
P36955,21,35,disordered
P36955,36,418,structured
P37028,1,216,structured
P37028,217,232,disordered
P37028,233,266,structured
P37231,1,8,structured
P37231,9,211,disordered
P37231,212,222,structured
P37231,223,306,disordered
P37231,307,384,structured
P37231,385,388,disordered
P37231,389,389,structured
P37231,390,391,disordered
P37231,392,442,structured
P37231,443,494,disordered
P37231,495,495,structured
P37231,496,505,disordered
P37330,1,299,structured
P37330,300,310,disordered
P37330,311,723,structured
P37455,1,106,structured
P37455,107,171,disordered
P37455,172,172,structured
P37727,1,107,structured
P37727,108,208,disordered
P37727,209,614,structured
P37727,615,650,disordered
P37840,1,140,disordered
P38038,1,51,structured
P38038,52,62,disordered
P38038,63,208,structured
P38038,209,218,disordered
P38038,219,599,structured
P38238,1,212,structured
P38238,213,232,disordered
P38238,233,259,structured
P38238,260,310,disordered
P38293,1,148,disordered
P38398,1,99,structured
P38398,100,1649,disordered
P38398,1650,1797,structured
P38398,1798,1804,disordered
P38398,1805,1814,structured
P38398,1815,1820,disordered
P38398,1821,1856,structured
P38398,1857,1859,disordered
P38398,1860,1863,structured
P38428,1,44,structured
P38428,45,65,disordered
P38428,66,203,structured
P38516,1,42,structured
P38516,43,95,disordered
P38516,96,235,structured
P38582,1,58,structured
P38582,59,69,disordered
P38582,70,111,structured
P38634,1,284,disordered
P38801,1,117,structured
P38801,118,184,disordered
P38862,1,600,structured
P38862,601,630,disordered
P38919,1,21,disordered
P38919,22,22,structured
P38919,23,37,disordered
P38919,38,141,structured
P38919,142,146,disordered
P38919,147,273,structured
P38919,274,276,disordered
P38919,277,299,structured
P38919,300,302,disordered
P38919,303,305,structured
P38919,306,312,disordered
P38919,313,334,structured
P38919,335,342,disordered
P38919,343,407,structured
P38919,408,411,disordered
P38936,1,164,disordered
P38968,1,769,structured
P38968,770,1100,disordered
P38968,1101,1273,structured
P39007,1,298,structured
P39007,299,351,disordered
P39007,352,718,structured
P39015,1,84,structured
P39015,85,121,disordered
P39015,122,141,structured
P39015,142,168,disordered
P39015,169,176,structured
P39015,177,273,disordered
P39061,1,26,structured
P39061,27,265,disordered
P39061,266,1774,structured
P39286,1,34,disordered
P39286,35,350,structured
P39926,1,192,structured
P39926,193,269,disordered
P39926,270,295,structured
P39935,1,249,disordered
P39935,250,390,structured
P39935,391,490,disordered
P39935,491,952,structured
P40019,1,153,disordered
P40136,1,579,structured
P40136,580,590,disordered
P40136,591,800,structured
P40161,1,42,structured
P40161,43,67,disordered
P40161,68,455,structured
P40259,1,180,structured
P40259,181,229,disordered
P40316,1,110,disordered
P40316,111,373,structured
P40337,1,213,disordered
P40344,1,20,disordered
P40344,21,81,structured
P40344,82,165,disordered
P40344,166,246,structured
P40344,247,280,disordered
P40344,281,310,structured
P40381,1,74,disordered
P40381,75,139,structured
P40381,140,264,disordered
P40381,265,328,structured
P40422,1,25,disordered
P40422,26,70,structured
P40458,1,84,structured
P40458,85,90,disordered
P40458,91,199,structured
P40458,200,215,disordered
P40458,216,529,structured
P40477,1,440,structured
P40477,441,881,disordered
P40477,882,1460,structured
P40517,1,203,disordered
P40517,204,227,structured
P40517,228,229,disordered
P40517,230,247,structured
P40517,248,250,disordered
P40517,251,271,structured
P40517,272,274,disordered
P40517,275,296,structured
P40517,297,301,disordered
P40517,302,324,structured
P40517,325,327,disordered
P40719,1,34,structured
P40719,35,158,disordered
P40719,159,385,structured
P40719,386,417,disordered
P40719,418,449,structured
P40763,1,6,structured
P40763,7,16,disordered
P40763,17,115,structured
P40763,116,135,disordered
P40763,136,180,structured
P40763,181,199,disordered
P40763,200,418,structured
P40763,419,430,disordered
P40763,431,688,structured
P40763,689,722,disordered
P40763,723,770,structured
P40818,1,733,structured
P40818,734,761,disordered
P40818,762,887,structured
P40818,888,898,disordered
P40818,899,1118,structured
P40855,1,182,disordered
P40855,183,277,structured
P40855,278,297,disordered
P40855,298,299,structured
P40881,1,37,disordered
P40881,38,247,structured
P40949,1,32,structured
P40949,33,253,disordered
P40999,1,83,structured
P40999,84,95,disordered
P40999,96,330,structured
P41208,1,24,disordered
P41208,25,83,structured
P41208,84,172,disordered
P41214,1,183,structured
P41214,184,259,disordered
P41214,260,347,structured
P41214,348,373,disordered
P41214,374,584,structured
P41227,1,160,structured
P41227,161,235,disordered
P41567,1,28,disordered
P41567,29,113,structured
P41780,1,19,structured
P41780,20,31,disordered
P41780,32,350,structured
P41814,1,60,structured
P41814,61,78,disordered
P41814,79,87,structured
P41814,88,188,disordered
P41814,189,452,structured
P41814,453,478,disordered
P41851,1,43,structured
P41851,44,85,disordered
P41851,86,165,structured
P41969,1,146,structured
P41969,147,167,disordered
P41969,168,308,structured
P41969,309,429,disordered
P42166,1,50,structured
P42166,51,111,disordered
P42166,112,694,structured
P42226,1,112,structured
P42226,113,129,disordered
P42226,130,151,structured
P42226,152,179,disordered
P42226,180,242,structured
P42226,243,254,disordered
P42226,255,301,structured
P42226,302,304,disordered
P42226,305,323,structured
P42226,324,338,disordered
P42226,339,366,structured
P42226,367,380,disordered
P42226,381,394,structured
P42226,395,399,disordered
P42226,400,577,structured
P42226,578,581,disordered
P42226,582,626,structured
P42226,627,637,disordered
P42226,638,651,structured
P42226,652,658,disordered
P42226,659,782,structured
P42226,783,814,disordered
P42226,815,847,structured
P42337,1,309,structured
P42337,310,322,disordered
P42337,323,500,structured
P42337,501,525,disordered
P42337,526,1068,structured
P42512,1,37,structured
P42512,38,55,disordered
P42512,56,503,structured
P42512,504,513,disordered
P42512,514,720,structured
P42568,1,489,structured
P42568,490,568,disordered
P42573,1,369,structured
P42573,370,406,disordered
P42573,407,503,structured
P42658,1,116,structured
P42658,117,126,disordered
P42658,127,849,structured
P42658,850,865,disordered
P42768,1,200,structured
P42768,201,310,disordered
P42768,311,429,structured
P42768,430,458,disordered
P42768,459,460,structured
P42768,461,497,disordered
P42768,498,502,structured
P42861,1,48,disordered
P42861,49,605,structured
P42866,1,51,disordered
P42866,52,360,structured
P42866,361,398,disordered
P42898,1,160,structured
P42898,161,171,disordered
P42898,172,656,structured
P43034,1,86,disordered
P43034,87,297,structured
P43034,298,307,disordered
P43034,308,410,structured
P43250,1,13,disordered
P43250,14,474,structured
P43250,475,491,disordered
P43250,492,535,structured
P43250,536,576,disordered
P43351,1,23,disordered
P43351,24,418,structured
P43403,1,2,disordered
P43403,3,256,structured
P43403,257,309,disordered
P43403,310,358,structured
P43403,359,361,disordered
P43403,362,483,structured
P43403,484,501,disordered
P43403,502,619,structured
P43528,1,250,structured
P43528,251,263,disordered
P43629,1,360,structured
P43629,361,444,disordered
P44228,1,11,structured
P44228,12,28,disordered
P44228,29,53,structured
P44228,54,84,disordered
P44228,85,128,structured
P44654,1,27,structured
P44654,28,62,disordered
P44654,63,130,structured
P44654,131,150,disordered
P45379,1,66,disordered
P45379,67,192,structured
P45379,193,212,disordered
P45379,213,271,structured
P45379,272,288,disordered
P45379,289,298,structured
P45523,1,25,structured
P45523,26,39,disordered
P45523,40,252,structured
P45523,253,270,disordered
P45561,1,1,structured
P45561,2,173,disordered
P45561,174,189,structured
P45577,1,129,structured
P45577,130,173,disordered
P45577,174,232,structured
P45976,1,79,structured
P45976,80,195,disordered
P45976,196,327,structured
P46014,1,298,structured
P46014,299,313,disordered
P46014,314,581,structured
P46108,1,120,structured
P46108,121,133,disordered
P46108,134,191,structured
P46108,192,229,disordered
P46108,230,237,structured
P46108,238,293,disordered
P46108,294,304,structured
P46527,1,198,disordered
P46580,1,358,structured
P46580,359,380,disordered
P46580,381,734,structured
P46669,1,94,structured
P46669,95,111,disordered
P46669,112,326,structured
P46674,1,253,disordered
P46674,254,547,structured
P46674,548,1301,disordered
P46937,1,49,structured
P46937,50,171,disordered
P46937,172,504,structured
P46951,1,469,structured
P46951,470,483,disordered
P46951,484,713,structured
P46951,714,741,disordered
P46951,742,817,structured
P46984,1,123,disordered
P47054,1,327,structured
P47054,328,424,disordered
P47054,425,575,structured
P47054,576,601,disordered
P47054,602,798,structured
P47054,799,813,disordered
P47054,814,1683,structured
P47093,1,67,structured
P47093,68,109,disordered
P47110,1,116,structured
P47110,117,350,disordered
P47142,1,54,structured
P47142,55,72,disordered
P47142,73,202,structured
P47442,1,123,structured
P47442,124,148,disordered
P47442,149,601,structured
P47480,1,149,structured
P47480,150,166,disordered
P47480,167,444,structured
P47523,1,36,structured
P47523,37,74,disordered
P47523,75,454,structured
P47523,455,556,disordered
P47710,1,185,disordered
P47895,1,26,disordered
P47895,27,512,structured
P47897,1,182,structured
P47897,183,216,disordered
P47897,217,775,structured
P47910,1,68,structured
P47910,69,101,disordered
P47992,1,81,structured
P47992,82,114,disordered
P48439,1,22,structured
P48439,23,215,disordered
P48439,216,350,structured
P48443,1,1,structured
P48443,2,127,disordered
P48443,128,463,structured
P48539,1,62,disordered
P48598,1,79,disordered
P48598,80,94,structured
P48598,95,102,disordered
P48598,103,161,structured
P48598,162,164,disordered
P48598,165,199,structured
P48598,200,201,disordered
P48598,202,229,structured
P48598,230,235,disordered
P48598,236,244,structured
P48598,245,259,disordered
P49005,1,41,structured
P49005,42,53,disordered
P49005,54,101,structured
P49005,102,123,disordered
P49005,124,250,structured
P49005,251,263,disordered
P49005,264,381,structured
P49005,382,388,disordered
P49005,389,458,structured
P49005,459,469,disordered
P49023,1,20,disordered
P49023,21,140,structured
P49023,141,160,disordered
P49023,161,212,structured
P49023,213,232,disordered
P49023,233,261,structured
P49023,262,277,disordered
P49023,278,295,structured
P49023,296,315,disordered
P49023,316,591,structured
P49189,1,231,structured
P49189,232,255,disordered
P49189,256,494,structured
P49235,1,54,structured
P49235,55,65,disordered
P49235,66,555,structured
P49235,556,566,disordered
P49354,1,54,disordered
P49354,55,367,structured
P49354,368,379,disordered
P49366,1,27,disordered
P49366,28,75,structured
P49366,76,92,disordered
P49366,93,369,structured
P49419,1,486,structured
P49419,487,509,disordered
P49419,510,527,structured
P49419,528,539,disordered
P49427,1,100,structured
P49427,101,115,disordered
P49427,116,182,structured
P49427,183,236,disordered
P49687,1,605,structured
P49687,606,734,disordered
P49687,735,1317,structured
P49753,1,45,structured
P49753,46,56,disordered
P49753,57,472,structured
P49753,473,483,disordered
P49757,1,67,structured
P49757,68,78,disordered
P49757,79,651,structured
P49765,1,36,structured
P49765,37,46,disordered
P49765,47,129,structured
P49765,130,188,disordered
P49765,189,207,structured
P49768,1,77,disordered
P49768,78,261,structured
P49768,262,378,disordered
P49768,379,467,structured
P49785,1,31,structured
P49785,32,102,disordered
P49785,103,218,structured
P49789,1,106,structured
P49789,107,127,disordered
P49789,128,147,structured
P49790,1,874,structured
P49790,875,1475,disordered
P49799,1,50,disordered
P49799,51,178,structured
P49799,179,205,disordered
P49802,1,17,disordered
P49802,18,218,structured
P49802,219,255,disordered
P49802,256,450,structured
P49802,451,495,disordered
P49841,1,36,disordered
P49841,37,45,structured
P49841,46,48,disordered
P49841,49,89,structured
P49841,90,94,disordered
P49841,95,118,structured
P49841,119,126,disordered
P49841,127,216,structured
P49841,217,220,disordered
P49841,221,284,structured
P49841,285,300,disordered
P49841,301,381,structured
P49841,382,420,disordered
P49848,1,216,disordered
P49848,217,436,structured
P49848,437,677,disordered
P49869,1,522,structured
P49869,523,753,disordered
P49869,754,1073,structured
P49880,1,563,structured
P49880,564,776,disordered
P49902,1,23,disordered
P49902,24,398,structured
P49902,399,419,disordered
P49902,420,488,structured
P49902,489,561,disordered
P49913,1,133,structured
P49913,134,170,disordered
P49915,1,311,structured
P49915,312,321,disordered
P49915,322,693,structured
P49918,1,316,disordered
P49954,1,131,structured
P49954,132,141,disordered
P49954,142,291,structured
P50097,1,101,structured
P50097,102,221,disordered
P50097,222,313,structured
P50097,314,327,disordered
P50097,328,412,structured
P50097,413,431,disordered
P50097,432,483,structured
P50097,484,503,disordered
P50148,1,216,disordered
P50148,217,359,structured
P50402,1,45,structured
P50402,46,187,disordered
P50402,188,254,structured
P50440,1,37,structured
P50440,38,63,disordered
P50440,64,423,structured
P50477,1,45,disordered
P50477,46,227,structured
P50477,228,244,disordered
P50477,245,426,structured
P50477,427,445,disordered
P50498,1,272,disordered
P50542,1,324,disordered
P50542,325,639,structured
P50553,1,236,disordered
P50579,1,109,disordered
P50579,110,138,structured
P50579,139,152,disordered
P50579,153,478,structured
P50616,1,115,structured
P50616,116,345,disordered
P50750,1,86,structured
P50750,87,98,disordered
P50750,99,258,structured
P50750,259,273,disordered
P50750,274,327,structured
P50750,328,372,disordered
P51023,1,141,structured
P51023,142,158,disordered
P51023,159,718,structured
P51177,1,1,structured
P51177,2,18,disordered
P51177,19,131,structured
P51177,132,144,disordered
P51177,145,190,structured
P51177,191,204,disordered
P51397,1,102,disordered
P51449,1,258,structured
P51449,259,269,disordered
P51449,270,468,structured
P51449,469,475,disordered
P51449,476,476,structured
P51449,477,518,disordered
P51513,1,124,structured
P51513,125,143,disordered
P51513,144,507,structured
P51608,1,91,disordered
P51608,92,162,structured
P51608,163,330,disordered
P51608,331,334,structured
P51608,335,486,disordered
P51617,1,366,structured
P51617,367,382,disordered
P51617,383,448,structured
P51617,449,463,disordered
P51617,464,712,structured
P51671,1,31,disordered
P51671,32,97,structured
P51787,1,573,structured
P51787,574,584,disordered
P51787,585,676,structured
P51825,1,737,structured
P51825,738,779,disordered
P51825,780,1210,structured
P51946,1,10,disordered
P51946,11,287,structured
P51946,288,323,disordered
P51965,1,40,disordered
P51965,41,193,structured
P52179,1,835,structured
P52179,836,931,disordered
P52179,932,1685,structured
P52272,1,40,structured
P52272,41,70,disordered
P52272,71,730,structured
P52298,1,37,disordered
P52298,38,74,structured
P52298,75,80,disordered
P52298,81,117,structured
P52298,118,156,disordered
P52597,1,10,disordered
P52597,11,99,structured
P52597,100,110,disordered
P52597,111,415,structured
P52630,1,781,structured
P52630,782,838,disordered
P52630,839,851,structured
P52695,1,10,disordered
P52695,11,108,structured
P52732,1,16,disordered
P52732,17,107,structured
P52732,108,126,disordered
P52732,127,269,structured
P52732,270,287,disordered
P52732,288,1056,structured
P52799,1,252,structured
P52799,253,333,disordered
P52848,1,557,structured
P52848,558,578,disordered
P52848,579,586,structured
P52848,587,600,disordered
P52848,601,882,structured
P52926,1,109,disordered
P52945,1,203,structured
P52945,204,283,disordered
P53104,1,331,structured
P53104,332,586,disordered
P53104,587,897,structured
P53193,1,46,structured
P53193,47,60,disordered
P53193,61,90,structured
P53193,91,100,disordered
P53193,101,184,structured
P53254,1,80,disordered
P53254,81,983,structured
P53254,984,1009,disordered
P53254,1010,1116,structured
P53254,1117,1127,disordered
P53254,1128,1237,structured
P53350,1,12,structured
P53350,13,41,disordered
P53350,42,323,structured
P53350,324,373,disordered
P53350,374,384,structured
P53350,385,400,disordered
P53350,401,402,structured
P53350,403,405,disordered
P53350,406,464,structured
P53350,465,469,disordered
P53350,470,487,structured
P53350,488,507,disordered
P53350,508,546,structured
P53350,547,549,disordered
P53350,550,567,structured
P53350,568,572,disordered
P53350,573,592,structured
P53350,593,603,disordered
P53378,1,438,structured
P53378,439,473,disordered
P53551,1,165,structured
P53551,166,258,disordered
P53632,1,160,disordered
P53632,161,481,structured
P53632,482,584,disordered
P53779,1,46,disordered
P53779,47,53,structured
P53779,54,55,disordered
P53779,56,70,structured
P53779,71,76,disordered
P53779,77,205,structured
P53779,206,231,disordered
P53779,232,318,structured
P53779,319,324,disordered
P53779,325,363,structured
P53779,364,384,disordered
P53779,385,400,structured
P53779,401,464,disordered
P53816,1,39,structured
P53816,40,57,disordered
P53816,58,162,structured
P53853,1,16,disordered
P53853,17,129,structured
P53853,130,136,disordered
P53853,137,160,structured
P53853,161,167,disordered
P53853,168,221,structured
P53853,222,264,disordered
P53865,1,571,structured
P53865,572,581,disordered
P53905,1,26,disordered
P53905,27,104,structured
P53905,105,115,disordered
P53927,1,87,disordered
P53927,88,178,structured
P53927,179,220,disordered
P53954,1,78,structured
P53954,79,92,disordered
P53954,93,548,structured
P53999,1,60,disordered
P53999,61,127,structured
P54252,1,173,structured
P54252,174,361,disordered
P54368,1,68,structured
P54368,69,92,disordered
P54368,93,109,structured
P54368,110,125,disordered
P54368,126,228,structured
P54578,1,483,structured
P54578,484,494,disordered
P54687,1,21,disordered
P54687,22,386,structured
P54725,1,78,structured
P54725,79,160,disordered
P54725,161,200,structured
P54725,201,231,disordered
P54725,232,282,structured
P54725,283,316,disordered
P54725,317,363,structured
P54936,1,422,structured
P54936,423,487,disordered
P54936,488,961,structured
P55011,1,286,disordered
P55011,287,556,structured
P55011,557,572,disordered
P55011,573,1212,structured
P55036,1,245,structured
P55036,246,256,disordered
P55036,257,262,structured
P55036,263,377,disordered
P55127,1,414,structured
P55127,415,591,disordered
P55127,592,1829,structured
P55145,1,161,structured
P55145,162,182,disordered
P55197,1,23,disordered
P55197,24,178,structured
P55197,179,190,disordered
P55197,191,1068,structured
P55210,1,196,structured
P55210,197,211,disordered
P55210,212,303,structured
P55211,1,95,structured
P55211,96,100,disordered
P55211,101,101,structured
P55211,102,128,disordered
P55211,129,138,structured
P55211,139,147,disordered
P55211,148,287,structured
P55211,288,334,disordered
P55211,335,416,structured
P55263,1,347,structured
P55263,348,362,disordered
P55285,1,591,structured
P55285,592,607,disordered
P55285,608,790,structured
P55735,1,14,disordered
P55735,15,304,structured
P55735,305,316,disordered
P55735,317,322,structured
P55980,1,23,disordered
P55980,24,221,structured
P55980,222,302,disordered
P55980,303,478,structured
P55980,479,488,disordered
P55980,489,509,structured
P55980,510,536,disordered
P55980,537,823,structured
P55980,824,1186,disordered
P56206,1,84,structured
P56206,85,170,disordered
P56206,171,506,structured
P56211,1,112,disordered
P56254,1,71,structured
P56254,72,88,disordered
P56254,89,124,structured
P56287,1,442,structured
P56287,443,678,disordered
P56524,1,129,structured
P56524,130,153,disordered
P56524,154,342,structured
P56524,343,359,disordered
P56524,360,647,structured
P56524,648,652,disordered
P56524,653,664,structured
P56524,665,679,disordered
P56524,680,727,structured
P56524,728,760,disordered
P56524,761,829,structured
P56524,830,831,disordered
P56524,832,995,structured
P56524,996,1004,disordered
P56524,1005,1031,structured
P56524,1032,1033,disordered
P56524,1034,1049,structured
P56524,1050,1057,disordered
P56524,1058,1084,structured
P56621,1,1,structured
P56621,2,30,disordered
P56621,31,95,structured
P56696,1,549,structured
P56696,550,593,disordered
P56696,594,695,structured
P56777,1,479,structured
P56777,480,508,disordered
P56926,1,632,structured
P56926,633,852,disordered
P56962,1,93,structured
P56962,94,121,disordered
P56962,122,141,structured
P56962,142,228,disordered
P56962,229,302,structured
P58004,1,65,disordered
P58004,66,221,structured
P58004,222,232,disordered
P58004,233,239,structured
P58004,240,255,disordered
P58004,256,294,structured
P58004,295,309,disordered
P58004,310,480,structured
P58753,1,14,structured
P58753,15,35,disordered
P58753,36,221,structured
P59635,1,80,structured
P59635,81,94,disordered
P59635,95,122,structured
P59636,1,25,structured
P59636,26,37,disordered
P59636,38,98,structured
P60006,1,56,structured
P60006,57,121,disordered
P60340,1,123,structured
P60340,124,152,disordered
P60340,153,314,structured
P60460,1,20,disordered
P60460,21,53,structured
P60472,1,71,structured
P60472,72,83,disordered
P60472,84,238,structured
P60472,239,253,disordered
P60484,1,285,structured
P60484,286,309,disordered
P60484,310,352,structured
P60484,353,403,disordered
P60723,1,40,structured
P60723,41,103,disordered
P60723,104,201,structured
P60761,1,25,structured
P60761,26,47,disordered
P60761,48,50,structured
P60761,51,62,disordered
P60761,63,78,structured
P60881,1,206,disordered
P61012,1,20,disordered
P61012,21,52,structured
P61073,1,38,disordered
P61073,39,303,structured
P61073,304,325,disordered
P61073,326,352,structured
P61244,1,14,disordered
P61244,15,20,structured
P61244,21,160,disordered
P61587,1,19,disordered
P61587,20,244,structured
P61765,1,294,structured
P61765,295,358,disordered
P61765,359,594,structured
P61926,1,76,disordered
P62137,1,297,structured
P62137,298,330,disordered
P62318,1,5,disordered
P62318,6,81,structured
P62318,82,126,disordered
P62328,1,44,disordered
P62330,1,33,structured
P62330,34,56,disordered
P62330,57,175,structured
P62495,1,328,structured
P62495,329,372,disordered
P62495,373,413,structured
P62495,414,437,disordered
P62552,1,72,disordered
P62558,1,271,structured
P62558,272,323,disordered
P62696,1,14,disordered
P62696,15,205,structured
P62799,1,29,disordered
P62799,30,94,structured
P62799,95,103,disordered
P62826,1,8,disordered
P62826,9,30,structured
P62826,31,44,disordered
P62826,45,68,structured
P62826,69,74,disordered
P62826,75,122,structured
P62826,123,144,disordered
P62826,145,169,structured
P62826,170,216,disordered
P62877,1,108,disordered
P62965,1,137,disordered
P63027,1,89,disordered
P63027,90,116,structured
P63098,1,14,disordered
P63098,15,157,structured
P63098,158,170,disordered
P63101,1,66,structured
P63101,67,76,disordered
P63101,77,201,structured
P63101,202,215,disordered
P63101,216,228,structured
P63101,229,245,disordered
P63158,1,72,structured
P63158,73,99,disordered
P63158,100,164,structured
P63158,165,215,disordered
P63241,1,14,disordered
P63241,15,154,structured
P63315,1,102,structured
P63315,103,161,disordered
P63883,1,162,structured
P63883,163,174,disordered
P63883,175,309,structured
P63883,310,321,disordered
P63883,322,417,structured
P68005,1,13,disordered
P68005,14,36,structured
P68135,1,8,disordered
P68135,9,33,structured
P68135,34,71,disordered
P68135,72,202,structured
P68135,203,206,disordered
P68135,207,232,structured
P68135,233,237,disordered
P68135,238,240,structured
P68135,241,251,disordered
P68135,252,366,structured
P68135,367,377,disordered
P68336,1,412,structured
P68336,413,490,disordered
P68363,1,415,structured
P68363,416,451,disordered
P68390,1,65,disordered
P68390,66,185,structured
P68466,1,5,disordered
P68466,6,81,structured
P68466,82,94,disordered
P68466,95,115,structured
P68466,116,128,disordered
P68466,129,149,structured
P68688,1,43,structured
P68688,44,59,disordered
P68688,60,85,structured
P68927,1,50,structured
P68927,51,72,disordered
P69346,1,83,disordered
P69411,1,16,structured
P69411,17,46,disordered
P69411,47,134,structured
P69490,1,143,structured
P69490,144,159,disordered
P69723,1,140,structured
P69723,141,192,disordered
P69924,1,341,structured
P69924,342,376,disordered
P70280,1,163,structured
P70280,164,188,disordered
P70280,189,220,structured
P70429,1,113,structured
P70429,114,130,disordered
P70429,131,414,structured
P70444,1,40,structured
P70444,41,109,disordered
P70444,110,195,structured
P70447,1,31,disordered
P70447,32,48,structured
P70447,49,75,disordered
P70447,76,263,structured
P70475,1,89,structured
P70475,90,172,disordered
P70475,173,486,structured
P70475,487,606,disordered
P70475,607,1187,structured
P70604,1,395,structured
P70604,396,424,disordered
P70604,425,435,structured
P70604,436,487,disordered
P70604,488,580,structured
P71590,1,32,disordered
P71590,33,132,structured
P71590,133,429,disordered
P71590,430,527,structured
P72975,1,149,disordered
P73124,1,65,disordered
P75966,1,36,disordered
P75966,37,217,structured
P76045,1,240,structured
P76045,241,252,disordered
P76045,253,301,structured
P76063,1,79,structured
P76063,80,98,disordered
P76216,1,18,structured
P76216,19,34,disordered
P76216,35,447,structured
P76407,1,146,structured
P76407,147,158,disordered
P76407,159,299,structured
P77072,1,20,disordered
P77072,21,145,structured
P77072,146,161,disordered
P77072,162,212,structured
P77173,1,28,structured
P77173,29,185,disordered
P77173,186,328,structured
P77522,1,33,disordered
P77522,34,79,structured
P77522,80,156,disordered
P77522,157,495,structured
P78330,1,44,structured
P78330,45,56,disordered
P78330,57,225,structured
P78352,1,71,disordered
P78352,72,724,structured
P78356,1,33,disordered
P78356,34,303,structured
P78356,304,342,disordered
P78356,343,372,structured
P78356,373,390,disordered
P78356,391,416,structured
P78362,1,80,disordered
P78362,81,230,structured
P78362,231,511,disordered
P78362,512,688,structured
P78504,1,55,structured
P78504,56,65,disordered
P78504,66,142,structured
P78504,143,147,disordered
P78504,148,184,structured
P78504,185,186,disordered
P78504,187,298,structured
P78504,299,335,disordered
P78504,336,1093,structured
P78504,1094,1218,disordered
P78560,1,94,structured
P78560,95,136,disordered
P78560,137,199,structured
P78563,1,214,structured
P78563,215,233,disordered
P78563,234,298,structured
P78563,299,316,disordered
P78563,317,453,structured
P78563,454,477,disordered
P78563,478,505,structured
P78563,506,514,disordered
P78563,515,533,structured
P78563,534,550,disordered
P78563,551,741,structured
P78794,1,23,disordered
P78794,24,70,structured
P78794,71,222,disordered
P78794,223,265,structured
P78953,1,452,disordered
P78953,453,920,structured
P80192,1,172,structured
P80192,173,183,disordered
P80192,184,297,structured
P80192,298,310,disordered
P80192,311,1104,structured
P80220,1,77,disordered
P80457,1,165,structured
P80457,166,191,disordered
P80457,192,1332,structured
P80644,1,172,structured
P80644,173,191,disordered
P80723,1,227,disordered
P80870,1,80,structured
P80870,81,130,disordered
P81019,1,25,structured
P81019,26,96,disordered
P81019,97,183,structured
P81274,1,19,structured
P81274,20,25,disordered
P81274,26,159,structured
P81274,160,169,disordered
P81274,170,274,structured
P81274,275,421,disordered
P81274,422,684,structured
P81605,1,62,structured
P81605,63,110,disordered
P82804,1,32,structured
P82804,33,58,disordered
P82804,59,207,structured
P83731,1,122,structured
P83731,123,157,disordered
P83755,1,334,structured
P83755,335,344,disordered
P83755,345,353,structured
P83916,1,69,structured
P83916,70,109,disordered
P83916,110,168,structured
P83916,169,185,disordered
P84092,1,158,disordered
P84092,159,217,structured
P84092,218,244,disordered
P84092,245,255,structured
P84092,256,260,disordered
P84092,261,375,structured
P84092,376,380,disordered
P84092,381,435,structured
P84233,1,60,disordered
P84233,61,134,structured
P84233,135,136,disordered
P84634,1,734,structured
P84634,735,752,disordered
P84634,753,1702,structured
P85800,1,32,disordered
P89522,1,182,structured
P89522,183,193,disordered
P89522,194,482,structured
P90947,1,526,structured
P90947,527,537,disordered
P90947,538,927,structured
P90976,1,114,structured
P90976,115,180,disordered
P90976,181,297,structured
P91870,1,46,disordered
P91870,47,824,structured
P96884,1,59,structured
P96884,60,81,disordered
P96884,82,158,structured
P96884,159,172,disordered
P96884,173,266,structured
P97303,1,330,structured
P97303,331,520,disordered
P97303,521,839,structured
P97675,1,323,structured
P97675,324,336,disordered
P97675,337,472,structured
P97675,473,492,disordered
P97675,493,875,structured
P97784,1,2,disordered
P97784,3,37,structured
P97784,38,46,disordered
P97784,47,162,structured
P97784,163,177,disordered
P97784,178,202,structured
P97784,203,204,disordered
P97784,205,232,structured
P97784,233,242,disordered
P97784,243,470,structured
P97784,471,606,disordered
P98066,1,249,structured
P98066,250,277,disordered
P98177,1,81,structured
P98177,82,96,disordered
P98177,97,181,structured
P98177,182,211,disordered
P98177,212,505,structured
P9WF19,1,45,disordered
P9WF19,46,86,structured
P9WGI1,1,224,disordered
P9WGI1,225,528,structured
P9WHJ5,1,26,disordered
P9WHJ5,27,68,structured
P9WHJ5,69,79,disordered
P9WHJ5,80,111,structured
P9WHN5,1,64,disordered
P9WI73,1,75,disordered
P9WI73,76,750,structured
P9WIP5,1,12,disordered
P9WIP5,13,55,structured
P9WIP5,56,71,disordered
P9WJ35,1,46,disordered
P9WJ35,47,84,structured
P9WJA9,1,54,disordered
P9WJA9,55,149,structured
P9WJA9,150,162,disordered
P9WJD9,1,85,structured
P9WJD9,86,126,disordered
P9WJD9,127,289,structured
P9WJD9,290,460,disordered
P9WKX3,1,35,disordered
P9WKX3,36,159,structured
P9WKX3,160,174,disordered
P9WNK3,1,16,disordered
P9WNK3,17,75,structured
P9WNK3,76,96,disordered
P9WNR7,1,455,structured
P9WNR7,456,478,disordered
P9WNR7,479,480,structured
Q00169,1,12,disordered
Q00169,13,118,structured
Q00169,119,190,disordered
Q00169,191,232,structured
Q00169,233,270,disordered
Q00534,1,11,disordered
Q00534,12,44,structured
Q00534,45,56,disordered
Q00534,57,166,structured
Q00534,167,181,disordered
Q00534,182,326,structured
Q00653,1,701,structured
Q00653,702,725,disordered
Q00653,726,900,structured
Q00780,1,569,structured
Q00780,570,612,disordered
Q00780,613,744,structured
Q00944,1,362,structured
Q00944,363,393,disordered
Q00944,394,572,structured
Q00944,573,584,disordered
Q00944,585,1053,structured
Q00958,1,395,structured
Q00958,396,420,disordered
Q00987,1,27,disordered
Q00987,28,41,structured
Q00987,42,44,disordered
Q00987,45,67,structured
Q00987,68,72,disordered
Q00987,73,92,structured
Q00987,93,94,disordered
Q00987,95,105,structured
Q00987,106,150,disordered
Q00987,151,209,structured
Q00987,210,304,disordered
Q00987,305,334,structured
Q00987,335,437,disordered
Q00987,438,491,structured
Q01080,1,114,structured
Q01080,115,415,disordered
Q01081,1,37,structured
Q01081,38,152,disordered
Q01081,153,240,structured
Q01094,1,86,structured
Q01094,87,95,disordered
Q01094,96,103,structured
Q01094,104,120,disordered
Q01094,121,195,structured
Q01094,196,301,disordered
Q01094,302,408,structured
Q01094,409,426,disordered
Q01094,427,437,structured
Q01101,1,510,disordered
Q01231,1,250,structured
Q01231,251,358,disordered
Q01417,1,173,disordered
Q01831,1,104,structured
Q01831,105,156,disordered
Q01831,157,814,structured
Q01831,815,940,disordered
Q01853,1,208,disordered
Q01853,209,336,structured
Q01853,337,338,disordered
Q01853,339,458,structured
Q01853,459,481,disordered
Q01853,482,494,structured
Q01853,495,511,disordered
Q01853,512,582,structured
Q01853,583,597,disordered
Q01853,598,609,structured
Q01853,610,615,disordered
Q01853,616,645,structured
Q01853,646,650,disordered
Q01853,651,664,structured
Q01853,665,685,disordered
Q01853,686,702,structured
Q01853,703,806,disordered
Q01924,1,395,structured
Q01924,396,591,disordered
Q01924,592,638,structured
Q01968,1,696,structured
Q01968,697,729,disordered
Q01968,730,901,structured
Q01970,1,470,structured
Q01970,471,572,disordered
Q01970,573,881,structured
Q01970,882,1234,disordered
Q02078,1,72,structured
Q02078,73,86,disordered
Q02078,87,91,structured
Q02078,92,95,disordered
Q02078,96,268,structured
Q02078,269,280,disordered
Q02078,281,507,structured
Q02199,1,269,disordered
Q02199,270,407,structured
Q02199,408,428,disordered
Q02199,429,472,structured
Q02297,1,225,structured
Q02297,226,241,disordered
Q02297,242,640,structured
Q02363,1,82,disordered
Q02363,83,134,structured
Q02413,1,773,structured
Q02413,774,1049,disordered
Q02521,1,9,structured
Q02521,10,185,disordered
Q02554,1,350,structured
Q02554,351,368,disordered
Q02554,369,436,structured
Q02629,1,640,disordered
Q02629,641,959,structured
Q02821,1,89,disordered
Q02821,90,463,structured
Q02821,464,470,disordered
Q02821,471,509,structured
Q02821,510,542,disordered
Q02948,1,156,disordered
Q02948,157,422,structured
Q02948,423,432,disordered
Q02948,433,462,structured
Q02948,463,488,disordered
Q02948,489,540,structured
Q02948,541,557,disordered
Q03071,1,99,disordered
Q03337,1,54,disordered
Q03337,55,103,structured
Q03337,104,164,disordered
Q03337,165,283,structured
Q03479,1,548,structured
Q03479,549,559,disordered
Q03479,560,1005,structured
Q03519,1,129,disordered
Q03519,130,686,structured
Q03653,1,216,structured
Q03653,217,232,disordered
Q03653,233,782,structured
Q03689,1,227,structured
Q03689,228,289,disordered
Q03707,1,169,structured
Q03707,170,454,disordered
Q03707,455,834,structured
Q03768,1,265,disordered
Q03834,1,304,disordered
Q03834,305,1242,structured
Q04049,1,509,structured
Q04049,510,632,disordered
Q04087,1,44,structured
Q04087,45,102,disordered
Q04087,103,347,structured
Q04206,1,291,structured
Q04206,292,320,disordered
Q04206,321,422,structured
Q04206,423,551,disordered
Q04410,1,372,disordered
Q04637,1,160,structured
Q04637,161,216,disordered
Q04637,217,289,structured
Q04637,290,754,disordered
Q04637,755,991,structured
Q04637,992,1599,disordered
Q04656,1,1124,structured
Q04656,1125,1176,disordered
Q04656,1177,1500,structured
Q04660,1,534,structured
Q04660,535,570,disordered
Q04660,571,807,structured
Q04866,1,205,structured
Q04866,206,249,disordered
Q04866,250,327,structured
Q04884,1,15,structured
Q04884,16,55,disordered
Q04884,56,71,structured
Q04884,72,116,disordered
Q04884,117,141,structured
Q04884,142,190,disordered
Q04884,191,215,structured
Q04884,216,231,disordered
Q04884,232,238,structured
Q04964,1,104,disordered
Q05022,1,1408,disordered
Q05022,1409,1729,structured
Q05080,1,275,structured
Q05080,276,300,disordered
Q05080,301,669,structured
Q05127,1,19,structured
Q05127,20,48,disordered
Q05127,49,340,structured
Q05128,1,4,structured
Q05128,5,16,disordered
Q05128,17,218,structured
Q05128,219,231,disordered
Q05128,232,308,structured
Q05128,309,326,disordered
Q05140,1,327,structured
Q05140,328,896,disordered
Q05140,897,915,structured
Q05158,1,67,structured
Q05158,68,117,disordered
Q05158,118,174,structured
Q05158,175,194,disordered
Q05320,1,189,structured
Q05320,190,212,disordered
Q05320,213,278,structured
Q05320,279,298,disordered
Q05320,299,464,structured
Q05320,465,501,disordered
Q05320,502,523,structured
Q05320,524,539,disordered
Q05320,540,631,structured
Q05320,632,641,disordered
Q05320,642,676,structured
Q05344,1,404,structured
Q05344,405,554,disordered
Q05344,555,624,structured
Q05344,625,723,disordered
Q05471,1,339,structured
Q05471,340,349,disordered
Q05471,350,390,structured
Q05471,391,410,disordered
Q05471,411,589,structured
Q05471,590,651,disordered
Q05471,652,1514,structured
Q05753,1,36,structured
Q05753,37,231,disordered
Q05753,232,435,structured
Q05776,1,61,structured
Q05776,62,71,disordered
Q05776,72,175,structured
Q05917,1,145,structured
Q05917,146,199,disordered
Q05917,200,289,structured
Q06208,1,62,disordered
Q06208,63,64,structured
Q06208,65,67,disordered
Q06208,68,151,structured
Q06208,152,187,disordered
Q06208,188,217,structured
Q06208,218,223,disordered
Q06208,224,254,structured
Q06208,255,258,disordered
Q06208,259,373,structured
Q06208,374,380,disordered
Q06208,381,388,structured
Q06208,389,395,disordered
Q06253,1,73,disordered
Q06406,1,10,disordered
Q06406,11,86,structured
Q06433,1,327,structured
Q06433,328,361,disordered
Q06433,362,394,structured
Q06433,395,413,disordered
Q06433,414,457,structured
Q06486,1,296,structured
Q06486,297,314,disordered
Q06486,315,415,structured
Q06556,1,805,structured
Q06556,806,969,disordered
Q06556,970,1091,structured
Q06628,1,267,structured
Q06628,268,738,disordered
Q06696,1,395,disordered
Q06696,396,566,structured
Q06710,1,28,disordered
Q06710,29,63,structured
Q06710,64,86,disordered
Q06710,87,134,structured
Q06710,135,146,disordered
Q06710,147,450,structured
Q06787,1,2,disordered
Q06787,3,97,structured
Q06787,98,103,disordered
Q06787,104,199,structured
Q06787,200,213,disordered
Q06787,214,215,structured
Q06787,216,218,disordered
Q06787,219,280,structured
Q06787,281,437,disordered
Q06787,438,443,structured
Q06787,444,632,disordered
Q06810,1,193,structured
Q06810,194,345,disordered
Q06810,346,360,structured
Q07097,1,400,structured
Q07097,401,524,disordered
Q07157,1,264,structured
Q07157,265,420,disordered
Q07157,421,588,structured
Q07157,589,627,disordered
Q07157,628,674,structured
Q07157,675,687,disordered
Q07157,688,794,structured
Q07157,795,1631,disordered
Q07157,1632,1748,structured
Q07412,1,65,structured
Q07412,66,80,disordered
Q07412,81,164,structured
Q07412,165,178,disordered
Q07412,179,248,structured
Q07475,1,68,disordered
Q07528,1,160,disordered
Q07528,161,640,structured
Q07666,1,98,disordered
Q07666,99,135,structured
Q07666,136,156,disordered
Q07666,157,266,structured
Q07666,267,419,disordered
Q07666,420,443,structured
Q07731,1,77,structured
Q07731,78,117,disordered
Q07731,118,211,structured
Q07812,1,48,structured
Q07812,49,83,disordered
Q07812,84,192,structured
Q07820,1,72,structured
Q07820,73,88,disordered
Q07820,89,191,structured
Q07820,192,203,disordered
Q07820,204,350,structured
Q07889,1,1116,structured
Q07889,1117,1319,disordered
Q07889,1320,1333,structured
Q07912,1,108,structured
Q07912,109,117,disordered
Q07912,118,133,structured
Q07912,134,138,disordered
Q07912,139,159,structured
Q07912,160,170,disordered
Q07912,171,221,structured
Q07912,222,224,disordered
Q07912,225,278,structured
Q07912,279,291,disordered
Q07912,292,388,structured
Q07912,389,395,disordered
Q07912,396,446,structured
Q07912,447,489,disordered
Q07912,490,1038,structured
Q07930,1,61,disordered
Q07930,62,111,structured
Q07930,112,121,disordered
Q07930,122,204,structured
Q07955,1,106,structured
Q07955,107,120,disordered
Q07955,121,195,structured
Q07955,196,248,disordered
Q08050,1,114,disordered
Q08050,115,221,structured
Q08050,222,231,disordered
Q08050,232,326,structured
Q08050,327,360,disordered
Q08050,361,693,structured
Q08050,694,748,disordered
Q08050,749,763,structured
Q08188,1,462,structured
Q08188,463,472,disordered
Q08188,473,693,structured
Q08209,1,23,disordered
Q08209,24,282,structured
Q08209,283,289,disordered
Q08209,290,340,structured
Q08209,341,346,disordered
Q08209,347,370,structured
Q08209,371,468,disordered
Q08209,469,486,structured
Q08209,487,521,disordered
Q08605,1,280,structured
Q08605,281,348,disordered
Q08605,349,367,structured
Q08605,368,444,disordered
Q08605,445,581,structured
Q08655,1,115,disordered
Q08826,1,29,disordered
Q08826,30,162,structured
Q09161,1,28,disordered
Q09161,29,40,structured
Q09161,41,43,disordered
Q09161,44,158,structured
Q09161,159,160,disordered
Q09161,161,484,structured
Q09161,485,497,disordered
Q09161,498,525,structured
Q09161,526,539,disordered
Q09161,540,663,structured
Q09161,664,691,disordered
Q09161,692,790,structured
Q09260,1,48,structured
Q09260,49,51,disordered
Q09260,52,114,structured
Q09260,115,132,disordered
Q09260,133,490,structured
Q09427,1,746,structured
Q09427,747,770,disordered
Q09427,771,927,structured
Q09427,928,1000,disordered
Q09427,1001,1318,structured
Q09427,1319,1343,disordered
Q09427,1344,1582,structured
Q09514,1,18,disordered
Q09514,19,166,structured
Q09514,167,181,disordered
Q09514,182,215,structured
Q09514,216,266,disordered
Q09535,1,107,structured
Q09535,108,121,disordered
Q09535,122,254,structured
Q09535,255,273,disordered
Q09535,274,424,structured
Q09683,1,6,structured
Q09683,7,13,disordered
Q09683,14,100,structured
Q09683,101,116,disordered
Q09683,117,133,structured
Q09683,134,142,disordered
Q09683,143,162,structured
Q09683,163,165,disordered
Q09683,166,323,structured
Q09683,324,328,disordered
Q09683,329,358,structured
Q09683,359,367,disordered
Q09683,368,411,structured
Q09683,412,413,disordered
Q09683,414,649,structured
Q09882,1,557,disordered
Q0GBY3,1,172,disordered
Q0GBY3,173,297,structured
Q0JRZ9,1,258,structured
Q0JRZ9,259,274,disordered
Q0JRZ9,275,810,structured
Q0PF16,1,39,structured
Q0PF16,40,54,disordered
Q0PF16,55,497,structured
Q0WYX8,1,735,structured
Q0WYX8,736,920,disordered
Q0WYX8,921,949,structured
Q10567,1,13,disordered
Q10567,14,949,structured
Q10589,1,78,structured
Q10589,79,89,disordered
Q10589,90,180,structured
Q10Q08,1,104,structured
Q10Q08,105,180,disordered
Q10Q08,181,630,structured
Q12051,1,309,structured
Q12051,310,322,disordered
Q12051,323,335,structured
Q12102,1,422,structured
Q12102,423,625,disordered
Q12102,626,859,structured
Q12142,1,285,disordered
Q12142,286,997,structured
Q12287,1,27,disordered
Q12287,28,69,structured
Q12306,1,23,disordered
Q12306,24,101,structured
Q12432,1,43,structured
Q12432,44,53,disordered
Q12432,54,401,structured
Q12476,1,146,structured
Q12476,147,159,disordered
Q12476,160,344,structured
Q12483,1,22,disordered
Q12483,23,233,structured
Q12495,1,456,structured
Q12495,457,519,disordered
Q12495,520,606,structured
Q12834,1,80,structured
Q12834,81,164,disordered
Q12834,165,476,structured
Q12834,477,499,disordered
Q12888,1,1484,disordered
Q12888,1485,1510,structured
Q12888,1511,1513,disordered
Q12888,1514,1602,structured
Q12888,1603,1634,disordered
Q12888,1635,1712,structured
Q12888,1713,1718,disordered
Q12888,1719,1740,structured
Q12888,1741,1770,disordered
Q12888,1771,1792,structured
Q12888,1793,1797,disordered
Q12888,1798,1907,structured
Q12888,1908,1911,disordered
Q12888,1912,1969,structured
Q12888,1970,1972,disordered
Q12972,1,143,structured
Q12972,144,225,disordered
Q12972,226,351,structured
Q13029,1,196,structured
Q13029,197,341,disordered
Q13029,342,1718,structured
Q13042,1,93,structured
Q13042,94,126,disordered
Q13042,127,527,structured
Q13042,528,620,disordered
Q13137,1,126,structured
Q13137,127,141,disordered
Q13137,142,364,structured
Q13137,365,413,disordered
Q13137,414,446,structured
Q13148,1,262,structured
Q13148,263,414,disordered
Q13153,1,56,disordered
Q13153,57,69,structured
Q13153,70,137,disordered
Q13153,138,147,structured
Q13153,148,256,disordered
Q13153,257,263,structured
Q13153,264,266,disordered
Q13153,267,267,structured
Q13153,268,274,disordered
Q13153,275,277,structured
Q13153,278,283,disordered
Q13153,284,287,structured
Q13153,288,294,disordered
Q13153,295,300,structured
Q13153,301,313,disordered
Q13153,314,334,structured
Q13153,335,341,disordered
Q13153,342,407,structured
Q13153,408,425,disordered
Q13153,426,437,structured
Q13153,438,439,disordered
Q13153,440,491,structured
Q13153,492,545,disordered
Q13164,1,46,disordered
Q13164,47,816,structured
Q13188,1,8,structured
Q13188,9,27,disordered
Q13188,28,32,structured
Q13188,33,39,disordered
Q13188,40,46,structured
Q13188,47,51,disordered
Q13188,52,57,structured
Q13188,58,63,disordered
Q13188,64,90,structured
Q13188,91,95,disordered
Q13188,96,164,structured
Q13188,165,182,disordered
Q13188,183,302,structured
Q13188,303,454,disordered
Q13188,455,488,structured
Q13188,489,491,disordered
Q13224,1,33,disordered
Q13224,34,200,structured
Q13224,201,212,disordered
Q13224,213,392,structured
Q13224,393,402,disordered
Q13224,403,579,structured
Q13224,580,599,disordered
Q13224,600,1258,structured
Q13224,1259,1484,disordered
Q13316,1,16,structured
Q13316,17,513,disordered
Q13351,1,90,disordered
Q13351,91,362,structured
Q13363,1,316,structured
Q13363,317,440,disordered
Q13415,1,470,structured
Q13415,471,489,disordered
Q13415,490,661,structured
Q13415,662,673,disordered
Q13415,674,861,structured
Q13426,1,201,structured
Q13426,202,336,disordered
Q13451,1,32,disordered
Q13451,33,37,structured
Q13451,38,45,disordered
Q13451,46,61,structured
Q13451,62,66,disordered
Q13451,67,69,structured
Q13451,70,75,disordered
Q13451,76,254,structured
Q13451,255,260,disordered
Q13451,261,381,structured
Q13451,382,385,disordered
Q13451,386,412,structured
Q13451,413,457,disordered
Q13464,1,894,structured
Q13464,895,913,disordered
Q13464,914,1354,structured
Q13480,1,116,structured
Q13480,117,694,disordered
Q13485,1,9,structured
Q13485,10,15,disordered
Q13485,16,132,structured
Q13485,133,140,disordered
Q13485,141,272,structured
Q13485,273,284,disordered
Q13485,285,294,structured
Q13485,295,311,disordered
Q13485,312,313,structured
Q13485,314,318,disordered
Q13485,319,417,structured
Q13485,418,423,disordered
Q13485,424,452,structured
Q13485,453,491,disordered
Q13485,492,541,structured
Q13485,542,552,disordered
Q13501,1,11,structured
Q13501,12,14,disordered
Q13501,15,25,structured
Q13501,26,41,disordered
Q13501,42,330,structured
Q13501,331,386,disordered
Q13501,387,440,structured
Q13526,1,38,structured
Q13526,39,50,disordered
Q13526,51,163,structured
Q13542,1,120,disordered
Q13547,1,7,disordered
Q13547,8,376,structured
Q13547,377,482,disordered
Q13563,1,197,structured
Q13563,198,215,disordered
Q13563,216,493,structured
Q13563,494,503,disordered
Q13563,504,831,structured
Q13563,832,895,disordered
Q13563,896,968,structured
Q13568,1,457,structured
Q13568,458,477,disordered
Q13568,478,498,structured
Q13569,1,111,disordered
Q13569,112,339,structured
Q13569,340,410,disordered
Q13617,1,116,structured
Q13617,117,134,disordered
Q13617,135,624,structured
Q13617,625,634,disordered
Q13617,635,644,structured
Q13617,645,660,disordered
Q13617,661,745,structured
Q13625,1,330,structured
Q13625,331,925,disordered
Q13625,926,1118,structured
Q13625,1119,1128,disordered
Q13627,1,480,structured
Q13627,481,490,disordered
Q13627,491,763,structured
Q13635,1,75,disordered
Q13635,76,607,structured
Q13635,608,730,disordered
Q13635,731,887,structured
Q13635,888,901,disordered
Q13635,902,1176,structured
Q13635,1177,1447,disordered
Q13740,1,245,structured
Q13740,246,583,disordered
Q13838,1,33,structured
Q13838,34,44,disordered
Q13838,45,428,structured
Q14061,1,63,disordered
Q14118,1,51,structured
Q14118,52,60,disordered
Q14118,61,162,structured
Q14118,163,180,disordered
Q14118,181,304,structured
Q14118,305,325,disordered
Q14118,326,653,structured
Q14118,654,750,disordered
Q14118,751,880,structured
Q14118,881,895,disordered
Q14181,1,156,disordered
Q14181,157,598,structured
Q14194,1,14,disordered
Q14194,15,490,structured
Q14194,491,572,disordered
Q14258,1,193,structured
Q14258,194,357,disordered
Q14258,358,360,structured
Q14258,361,433,disordered
Q14258,434,630,structured
Q14318,1,34,disordered
Q14318,35,150,structured
Q14318,151,165,disordered
Q14318,166,356,structured
Q14318,357,380,disordered
Q14318,381,412,structured
Q14449,1,360,structured
Q14449,361,437,disordered
Q14449,438,540,structured
Q14457,1,156,disordered
Q14457,157,240,structured
Q14457,241,247,disordered
Q14457,248,264,structured
Q14457,265,268,disordered
Q14457,269,447,structured
Q14457,448,450,disordered
Q14493,1,199,structured
Q14493,200,224,disordered
Q14493,225,270,structured
Q14565,1,82,disordered
Q14565,83,270,structured
Q14565,271,289,disordered
Q14565,290,338,structured
Q14565,339,340,disordered
Q14653,1,4,disordered
Q14653,5,39,structured
Q14653,40,51,disordered
Q14653,52,110,structured
Q14653,111,123,disordered
Q14653,124,172,structured
Q14653,173,198,disordered
Q14653,199,229,structured
Q14653,230,237,disordered
Q14653,238,421,structured
Q14653,422,427,disordered
Q14691,1,145,structured
Q14691,146,196,disordered
Q14722,1,62,disordered
Q14722,63,419,structured
Q14766,1,1506,structured
Q14766,1507,1522,disordered
Q14766,1523,1577,structured
Q14766,1578,1624,disordered
Q14766,1625,1708,structured
Q14766,1709,1721,disordered
Q14849,1,215,structured
Q14849,216,230,disordered
Q14849,231,445,structured
Q14978,1,699,disordered
Q15004,1,111,disordered
Q15046,1,70,disordered
Q15046,71,597,structured
Q15109,1,363,structured
Q15109,364,404,disordered
Q15113,1,150,structured
Q15113,151,169,disordered
Q15113,170,188,structured
Q15113,189,200,disordered
Q15113,201,219,structured
Q15113,220,233,disordered
Q15113,234,240,structured
Q15113,241,252,disordered
Q15113,253,268,structured
Q15113,269,278,disordered
Q15113,279,449,structured
Q15185,1,122,structured
Q15185,123,160,disordered
Q15326,1,171,structured
Q15326,172,195,disordered
Q15326,196,602,structured
Q15382,1,170,structured
Q15382,171,181,disordered
Q15382,182,184,structured
Q15418,1,32,structured
Q15418,33,55,disordered
Q15418,56,96,structured
Q15418,97,114,disordered
Q15418,115,211,structured
Q15418,212,223,disordered
Q15418,224,340,structured
Q15418,341,353,disordered
Q15418,354,410,structured
Q15418,411,418,disordered
Q15418,419,424,structured
Q15418,425,431,disordered
Q15418,432,437,structured
Q15418,438,440,disordered
Q15418,441,451,structured
Q15418,452,455,disordered
Q15418,456,480,structured
Q15418,481,486,disordered
Q15418,487,575,structured
Q15418,576,586,disordered
Q15418,587,680,structured
Q15418,681,735,disordered
Q15542,1,193,structured
Q15542,194,206,disordered
Q15542,207,380,structured
Q15542,381,416,disordered
Q15542,417,800,structured
Q15582,1,23,structured
Q15582,24,42,disordered
Q15582,43,635,structured
Q15582,636,683,disordered
Q15583,1,149,structured
Q15583,150,167,disordered
Q15583,168,234,structured
Q15583,235,248,disordered
Q15583,249,255,structured
Q15583,256,347,disordered
Q15583,348,401,structured
Q15596,1,623,structured
Q15596,624,829,disordered
Q15596,830,1464,structured
Q15631,1,217,structured
Q15631,218,228,disordered
Q15637,1,35,disordered
Q15637,36,68,structured
Q15637,69,95,disordered
Q15637,96,128,structured
Q15637,129,133,disordered
Q15637,134,255,structured
Q15637,256,260,disordered
Q15637,261,639,structured
Q15642,1,288,structured
Q15642,289,303,disordered
Q15642,304,601,structured
Q15691,1,188,structured
Q15691,189,268,disordered
Q15717,1,19,disordered
Q15717,20,326,structured
Q15726,1,19,structured
Q15726,20,138,disordered
Q15796,1,17,structured
Q15796,18,33,disordered
Q15796,34,240,structured
Q15796,241,264,disordered
Q15796,265,269,structured
Q15796,270,271,disordered
Q15796,272,423,structured
Q15796,424,427,disordered
Q15796,428,456,structured
Q15796,457,467,disordered
Q15843,1,68,structured
Q15843,69,81,disordered
Q15858,1,113,disordered
Q15858,114,416,structured
Q15858,417,725,disordered
Q15858,726,972,structured
Q15858,973,1174,disordered
Q15858,1175,1768,structured
Q15858,1769,1988,disordered
Q16236,1,605,disordered
Q16576,1,6,disordered
Q16576,7,88,structured
Q16576,89,110,disordered
Q16576,111,408,structured
Q16576,409,425,disordered
Q16595,1,60,structured
Q16595,61,74,disordered
Q16595,75,80,structured
Q16595,81,92,disordered
Q16595,93,210,structured
Q16611,1,63,structured
Q16611,64,98,disordered
Q16611,99,211,structured
Q16620,1,277,structured
Q16620,278,282,disordered
Q16620,283,384,structured
Q16620,385,426,disordered
Q16620,427,546,structured
Q16620,547,548,disordered
Q16620,549,560,structured
Q16620,561,565,disordered
Q16620,566,574,structured
Q16620,575,576,disordered
Q16620,577,639,structured
Q16620,640,643,disordered
Q16620,644,699,structured
Q16620,700,701,disordered
Q16620,702,822,structured
Q16625,1,382,structured
Q16625,383,415,disordered
Q16625,416,522,structured
Q16629,1,80,structured
Q16629,81,98,disordered
Q16629,99,122,structured
Q16629,123,176,disordered
Q16629,177,199,structured
Q16629,200,217,disordered
Q16629,218,238,structured
Q16630,1,12,structured
Q16630,13,80,disordered
Q16630,81,172,structured
Q16630,173,235,disordered
Q16630,236,480,structured
Q16630,481,519,disordered
Q16630,520,530,structured
Q16630,531,550,disordered
Q16630,551,551,structured
Q16647,1,318,structured
Q16647,319,330,disordered
Q16647,331,500,structured
Q16665,1,73,structured
Q16665,74,88,disordered
Q16665,89,199,structured
Q16665,200,218,disordered
Q16665,219,343,structured
Q16665,344,348,disordered
Q16665,349,402,structured
Q16665,403,698,disordered
Q16665,699,774,structured
Q16665,775,826,disordered
Q16667,1,24,disordered
Q16667,25,200,structured
Q16667,201,212,disordered
Q16740,1,56,structured
Q16740,57,72,disordered
Q16740,73,249,structured
Q16740,250,277,disordered
Q16790,1,37,structured
Q16790,38,136,disordered
Q16790,137,459,structured
Q16821,1,60,disordered
Q16821,61,82,structured
Q16821,83,99,disordered
Q16821,100,1122,structured
Q16831,1,15,disordered
Q16831,16,310,structured
Q17RS7,1,242,structured
Q17RS7,243,307,disordered
Q17RS7,308,908,structured
Q18235,1,244,disordered
Q1ECR9,1,26,structured
Q1ECR9,27,82,disordered
Q1HRL7,1,126,structured
Q1HRL7,127,138,disordered
Q1K7R9,1,110,structured
Q1K7R9,111,173,disordered
Q1K7R9,174,610,structured
Q1PAB4,1,101,disordered
Q20363,1,17,disordered
Q20363,18,159,structured
Q20728,1,90,structured
Q20728,91,120,disordered
Q20728,121,229,structured
Q22472,1,378,disordered
Q22942,1,31,disordered
Q22942,32,264,structured
Q22942,265,296,disordered
Q22942,297,429,structured
Q23229,1,28,structured
Q23229,29,38,disordered
Q23229,39,417,structured
Q23985,1,25,structured
Q23985,26,43,disordered
Q23985,44,211,structured
Q23985,212,261,disordered
Q23985,262,738,structured
Q24246,1,289,disordered
Q24246,290,663,structured
Q24298,1,1349,structured
Q24298,1350,1507,disordered
Q24570,1,15,disordered
Q24570,16,138,structured
Q24F70,1,105,structured
Q24F70,106,162,disordered
Q257B3,1,261,structured
Q257B3,262,274,disordered
Q257B3,275,313,structured
Q257B3,314,345,disordered
Q26502,1,15,disordered
Q26502,16,406,structured
Q26680,1,25,disordered
Q26680,26,205,structured
Q26680,206,218,disordered
Q26997,1,115,structured
Q26997,116,126,disordered
Q26997,127,230,structured
Q27934,1,106,structured
Q27934,107,130,disordered
Q27934,131,400,structured
Q27974,1,546,structured
Q27974,547,813,disordered
Q27974,814,910,structured
Q28146,1,30,structured
Q28146,31,280,disordered
Q28146,281,1530,structured
Q29983,1,174,structured
Q29983,175,184,disordered
Q29983,185,383,structured
Q2GI62,1,141,structured
Q2GI62,142,221,disordered
Q2GI62,222,548,structured
Q2JIZ5,1,30,disordered
Q2JIZ5,31,834,structured
Q2KIG3,1,117,disordered
Q2KIG3,118,423,structured
Q2M1P5,1,229,structured
Q2M1P5,230,241,disordered
Q2M1P5,242,260,structured
Q2M1P5,261,273,disordered
Q2M1P5,274,348,structured
Q2M1P5,349,543,disordered
Q2M1P5,544,1343,structured
Q2MKA7,1,130,structured
Q2MKA7,131,146,disordered
Q2MKA7,147,263,structured
Q2Q4X9,1,260,disordered
Q2TUW1,1,238,disordered
Q2VL32,1,277,structured
Q2VL32,278,314,disordered
Q2VL32,315,513,structured
Q32NN2,1,202,structured
Q32NN2,203,215,disordered
Q32NN2,216,341,structured
Q38151,1,67,structured
Q38151,68,126,disordered
Q38825,1,81,structured
Q38825,82,94,disordered
Q38825,95,243,structured
Q39026,1,214,structured
Q39026,215,224,disordered
Q39026,225,395,structured
Q39532,1,223,structured
Q39532,224,276,disordered
Q39532,277,408,structured
Q39805,1,226,disordered
Q3LS93,1,21,structured
Q3LS93,22,329,disordered
Q3MIT2,1,54,structured
Q3MIT2,55,106,disordered
Q3MIT2,107,233,structured
Q3MIT2,234,243,disordered
Q3MIT2,244,529,structured
Q3SYG4,1,209,structured
Q3SYG4,210,232,disordered
Q3SYG4,233,369,structured
Q3SYG4,370,407,disordered
Q3SYG4,408,800,structured
Q3SYG4,801,887,disordered
Q3U182,1,14,disordered
Q3U182,15,58,structured
Q3U182,59,80,disordered
Q3U182,81,692,structured
Q3U4G3,1,42,structured
Q3U4G3,43,87,disordered
Q3U4G3,88,392,structured
Q3UKX1,1,106,disordered
Q3UKX1,107,445,structured
Q3UND0,1,64,structured
Q3UND0,65,105,disordered
Q3UND0,106,358,structured
Q42521,1,11,disordered
Q42521,12,448,structured
Q42521,449,502,disordered
Q43125,1,12,disordered
Q43125,13,497,structured
Q43125,498,681,disordered
Q44177,1,109,structured
Q44177,110,134,disordered
Q47184,1,192,disordered
Q47785,1,81,structured
Q47785,82,103,disordered
Q48245,1,332,structured
Q48245,333,367,disordered
Q48245,368,1287,structured
Q49492,1,115,structured
Q49492,116,144,disordered
Q49492,145,254,structured
Q49ZM2,1,49,disordered
Q49ZM2,50,155,structured
Q4ACU6,1,376,structured
Q4ACU6,377,532,disordered
Q4ACU6,533,587,structured
Q4ACU6,588,600,disordered
Q4ACU6,601,665,structured
Q4ACU6,666,1293,disordered
Q4ACU6,1294,1323,structured
Q4ACU6,1324,1399,disordered
Q4ACU6,1400,1426,structured
Q4ACU6,1427,1653,disordered
Q4ACU6,1654,1730,structured
Q4F883,1,34,structured
Q4F883,35,52,disordered
Q4F883,53,537,structured
Q4JC68,1,98,structured
Q4JC68,99,143,disordered
Q4JC68,144,551,structured
Q4LE39,1,109,structured
Q4LE39,110,151,disordered
Q4LE39,152,1312,structured
Q4Q159,1,213,structured
Q4Q159,214,240,disordered
Q4Q159,241,333,structured
Q4Q5U3,1,601,structured
Q4Q5U3,602,617,disordered
Q4Q5U3,618,687,structured
Q4QCD2,1,736,structured
Q4QCD2,737,747,disordered
Q4QDS0,1,287,structured
Q4QDS0,288,328,disordered
Q4QDS0,329,675,structured
Q4QDS0,676,687,disordered
Q4QDS0,688,731,structured
Q4VP08,1,19,structured
Q4VP08,20,52,disordered
Q4VP08,53,90,structured
Q51912,1,135,structured
Q51912,136,155,disordered
Q51912,156,719,structured
Q53654,1,163,structured
Q53654,164,173,disordered
Q53654,174,331,structured
Q53654,332,344,disordered
Q53654,345,1183,structured
Q53FT3,1,87,structured
Q53FT3,88,106,disordered
Q53FT3,107,197,structured
Q53GG5,1,106,structured
Q53GG5,107,273,disordered
Q53GG5,274,364,structured
Q53TN4,1,230,structured
Q53TN4,231,286,disordered
Q54BW5,1,163,structured
Q54BW5,164,179,disordered
Q56026,1,109,structured
Q56026,110,132,disordered
Q56026,133,343,structured
Q56062,1,118,structured
Q56062,119,129,disordered
Q56062,130,295,structured
Q56311,1,36,structured
Q56311,37,49,disordered
Q56311,50,108,structured
Q56311,109,122,disordered
Q56311,123,151,structured
Q56WD9,1,462,structured
Q57530,1,163,structured
Q57530,164,184,disordered
Q57530,185,208,structured
Q57565,1,302,structured
Q57565,303,318,disordered
Q57565,319,338,structured
Q57565,339,364,disordered
Q57565,365,429,structured
Q57565,430,451,disordered
Q57733,1,33,disordered
Q57733,34,147,structured
Q57904,1,45,structured
Q57904,46,101,disordered
Q57904,102,198,structured
Q57WT9,1,209,structured
Q57WT9,210,246,disordered
Q57WT9,247,351,structured
Q58876,1,103,structured
Q58876,104,213,disordered
Q58F21,1,143,structured
Q58F21,144,257,disordered
Q58F21,258,582,structured
Q58F21,583,947,disordered
Q58MU6,1,20,disordered
Q58MU6,21,233,structured
Q59471,1,45,disordered
Q59471,46,224,structured
Q59472,1,36,disordered
Q59472,37,173,structured
Q5A3P6,1,232,disordered
Q5A3P6,233,521,structured
Q5A3P6,522,944,disordered
Q5A3P6,945,947,structured
Q5D1E8,1,111,structured
Q5D1E8,112,133,disordered
Q5D1E8,134,295,structured
Q5D1E8,296,339,disordered
Q5D1E8,340,599,structured
Q5FWF5,1,15,disordered
Q5FWF5,16,739,structured
Q5FWF5,740,753,disordered
Q5FWF5,754,840,structured
Q5HYA8,1,36,disordered
Q5HYA8,37,643,structured
Q5HYA8,644,665,disordered
Q5HYA8,666,792,structured
Q5HYA8,793,827,disordered
Q5HYA8,828,848,structured
Q5HYA8,849,867,disordered
Q5HYA8,868,995,structured
Q5JH72,1,27,disordered
Q5JH72,28,64,structured
Q5JJ98,1,492,structured
Q5JJ98,493,588,disordered
Q5JJ98,589,804,structured
Q5R6Q2,1,168,structured
Q5R6Q2,169,234,disordered
Q5R6Q2,235,255,structured
Q5RJI5,1,591,structured
Q5RJI5,592,603,disordered
Q5RJI5,604,778,structured
Q5RJL0,1,282,disordered
Q5SQI0,1,25,structured
Q5SQI0,26,36,disordered
Q5SQI0,37,195,structured
Q5SQI0,196,236,disordered
Q5SQI0,237,421,structured
Q5T1C6,1,80,structured
Q5T1C6,81,106,disordered
Q5T1C6,107,240,structured
Q5T4W7,1,107,structured
Q5T4W7,108,120,disordered
Q5T4W7,121,220,structured
Q5T848,1,70,disordered
Q5T848,71,220,structured
Q5T848,221,261,disordered
Q5T848,262,361,structured
Q5T848,362,388,disordered
Q5T848,389,511,structured
Q5T848,512,524,disordered
Q5T848,525,668,structured
Q5T848,669,710,disordered
Q5T848,711,763,structured
Q5T848,764,863,disordered
Q5T848,864,1215,structured
Q5U651,1,186,structured
Q5U651,187,197,disordered
Q5U651,198,267,structured
Q5U651,268,285,disordered
Q5U651,286,963,structured
Q5UPJ7,1,149,structured
Q5UPJ7,150,166,disordered
Q5UPJ7,167,346,structured
Q5UPT2,1,94,disordered
Q5UPT2,95,370,structured
Q5V913,1,70,disordered
Q5V913,71,560,structured
Q5VZK9,1,1004,structured
Q5VZK9,1005,1020,disordered
Q5VZK9,1021,1371,structured
Q5ZUV9,1,46,disordered
Q5ZUV9,47,277,structured
Q5ZUV9,278,287,disordered
Q5ZUV9,288,346,structured
Q5ZUV9,347,357,disordered
Q5ZUV9,358,432,structured
Q5ZUV9,433,502,disordered
Q5ZYC9,1,27,disordered
Q5ZYC9,28,86,structured
Q5ZYC9,87,120,disordered
Q60598,1,82,structured
Q60598,83,324,disordered
Q60598,325,546,structured
Q61081,1,144,disordered
Q61081,145,343,structured
Q61081,344,379,disordered
Q61337,1,204,disordered
Q62264,1,150,disordered
Q62420,1,26,disordered
Q62420,27,66,structured
Q62420,67,86,disordered
Q62420,87,352,structured
Q62902,1,30,structured
Q62902,31,49,disordered
Q62902,50,183,structured
Q62902,184,193,disordered
Q62902,194,517,structured
Q63450,1,11,disordered
Q63450,12,53,structured
Q63450,54,63,disordered
Q63450,64,163,structured
Q63450,164,181,disordered
Q63450,182,293,structured
Q63450,294,329,disordered
Q63450,330,374,structured
Q63K18,1,9,structured
Q63K18,10,28,disordered
Q63K18,29,89,structured
Q64364,1,37,disordered
Q64364,38,169,structured
Q64693,1,256,disordered
Q647G9,1,21,structured
Q647G9,22,34,disordered
Q647G9,35,56,structured
Q647G9,57,71,disordered
Q647G9,72,128,structured
Q647G9,129,145,disordered
Q658P3,1,28,disordered
Q658P3,29,488,structured
Q676U5,1,58,structured
Q676U5,59,84,disordered
Q676U5,85,607,structured
Q67953,1,108,disordered
Q67953,109,445,structured
Q682I1,1,95,structured
Q682I1,96,108,disordered
Q682I1,109,160,structured
Q68D10,1,570,structured
Q68D10,571,604,disordered
Q68D10,605,685,structured
Q68DK7,1,557,structured
Q68DK7,558,568,disordered
Q68DK7,569,614,structured
Q68FT9,1,373,structured
Q68FT9,374,392,disordered
Q68FT9,393,432,structured
Q6A070,1,594,structured
Q6A070,595,620,disordered
Q6A070,621,1776,structured
Q6BBK3,1,75,disordered
Q6CMF0,1,39,disordered
Q6CMF0,40,630,structured
Q6CMF0,631,656,disordered
Q6CMF0,657,817,structured
Q6CMF0,818,828,disordered
Q6CMF0,829,1113,structured
Q6DD88,1,21,disordered
Q6DD88,22,541,structured
Q6F3E8,1,146,structured
Q6F3E8,147,156,disordered
Q6F3E8,157,219,structured
Q6FI81,1,172,structured
Q6FI81,173,266,disordered
Q6FI81,267,312,structured
Q6GQQ9,1,87,structured
Q6GQQ9,88,129,disordered
Q6GQQ9,130,266,structured
Q6GQQ9,267,291,disordered
Q6GQQ9,292,843,structured
Q6GX35,1,725,structured
Q6GX35,726,825,disordered
Q6GX35,826,1005,structured
Q6L4L4,1,86,structured
Q6L4L4,87,105,disordered
Q6L4L4,106,875,structured
Q6MRH6,1,101,disordered
Q6P1M3,1,470,structured
Q6P1M3,471,484,disordered
Q6P1M3,485,630,structured
Q6P1M3,631,708,disordered
Q6P1M3,709,1020,structured
Q6P3W2,1,10,disordered
Q6P3W2,11,76,structured
Q6P3W2,77,92,disordered
Q6P3W2,93,149,structured
Q6P4R8,1,482,structured
Q6P4R8,483,495,disordered
Q6P4R8,496,1299,structured
Q6P5W5,1,423,structured
Q6P5W5,424,498,disordered
Q6P5W5,499,647,structured
Q6P8Z1,1,1,structured
Q6P8Z1,2,169,disordered
Q6P8Z1,170,170,structured
Q6PHW0,1,31,structured
Q6PHW0,32,70,disordered
Q6PHW0,71,160,structured
Q6PHW0,161,178,disordered
Q6PHW0,179,198,structured
Q6PHW0,199,211,disordered
Q6PHW0,212,289,structured
Q6PI48,1,630,structured
Q6PI48,631,645,disordered
Q6Q547,1,16,structured
Q6Q547,17,38,disordered
Q6Q547,39,41,structured
Q6Q547,42,58,disordered
Q6QCC2,1,40,structured
Q6QCC2,41,51,disordered
Q6QCC2,52,119,structured
Q6QCC2,120,156,disordered
Q6QCC2,157,274,structured
Q6QDB5,1,69,structured
Q6QDB5,70,80,disordered
Q6QDB5,81,111,structured
Q6QDB5,112,133,disordered
Q6QDB5,134,226,structured
Q6QDB5,227,254,disordered
Q6QDB5,255,288,structured
Q6R327,1,1708,disordered
Q6SJQ7,1,131,structured
Q6SJQ7,132,330,disordered
Q6SJQ7,331,337,structured
Q6URW6,1,1953,structured
Q6URW6,1954,2000,disordered
Q6VMQ6,1,937,structured
Q6VMQ6,938,981,disordered
Q6VMQ6,982,1270,structured
Q6WVP6,1,17,disordered
Q6WVP6,18,364,structured
Q6XHB2,1,1179,structured
Q6XHB2,1180,1193,disordered
Q6XHB2,1194,1726,structured
Q6ZMT4,1,31,disordered
Q6ZMT4,32,941,structured
Q6ZVN8,1,129,structured
Q6ZVN8,130,145,disordered
Q6ZVN8,146,426,structured
Q703G9,1,428,structured
Q703G9,429,442,disordered
Q703G9,443,972,structured
Q70Q12,1,61,structured
Q70Q12,62,94,disordered
Q711P7,1,251,structured
Q711P7,252,262,disordered
Q711P7,263,551,structured
Q711P7,552,577,disordered
Q711P7,578,652,structured
Q716H0,1,319,structured
Q716H0,320,332,disordered
Q716H0,333,423,structured
Q71FK2,1,20,disordered
Q71FK2,21,237,structured
Q72J05,1,303,structured
Q72J05,304,319,disordered
Q72J05,320,600,structured
Q76KU6,1,566,structured
Q76KU6,567,586,disordered
Q76KU6,587,608,structured
Q76LA1,1,67,disordered
Q76LA1,68,98,structured
Q77M43,1,373,structured
Q77M43,374,525,disordered
Q7B2Z6,1,12,disordered
Q7B2Z6,13,53,structured
Q7B2Z6,54,82,disordered
Q7B8V4,1,198,structured
Q7B8V4,199,210,disordered
Q7B8V4,211,244,structured
Q7B8V4,245,255,disordered
Q7B8V4,256,1296,structured
Q7BMQ8,1,42,disordered
Q7BMQ8,43,287,structured
Q7DB66,1,59,structured
Q7DB66,60,85,disordered
Q7DB66,86,190,structured
Q7DD77,1,19,structured
Q7DD77,20,84,disordered
Q7DD77,85,163,structured
Q7DD77,164,181,disordered
Q7DDR9,1,58,structured
Q7DDR9,59,73,disordered
Q7DDR9,74,177,structured
Q7DDR9,178,191,disordered
Q7G7J6,1,27,structured
Q7G7J6,28,112,disordered
Q7G7J6,113,625,structured
Q7K5N4,1,194,structured
Q7K5N4,195,210,disordered
Q7K5N4,211,303,structured
Q7K5N4,304,334,disordered
Q7K5N4,335,471,structured
Q7KZF4,1,659,structured
Q7KZF4,660,669,disordered
Q7KZF4,670,910,structured
Q7KZI7,1,195,structured
Q7KZI7,196,211,disordered
Q7KZI7,212,788,structured
Q7L2J0,1,399,structured
Q7L2J0,400,689,disordered
Q7LKB1,1,253,disordered
Q7LKB1,254,685,structured
Q7Q3R9,1,21,structured
Q7Q3R9,22,103,disordered
Q7RTN6,1,58,structured
Q7RTN6,59,60,disordered
Q7RTN6,61,64,structured
Q7RTN6,65,67,disordered
Q7RTN6,68,291,structured
Q7RTN6,292,347,disordered
Q7RTN6,348,382,structured
Q7RTN6,383,385,disordered
Q7RTN6,386,401,structured
Q7RTN6,402,427,disordered
Q7RTN6,428,431,structured
Q7T2G3,1,568,structured
Q7T2G3,569,623,disordered
Q7TMK9,1,107,structured
Q7TMK9,108,140,disordered
Q7TMK9,141,623,structured
Q7TP21,1,90,structured
Q7TP21,91,167,disordered
Q7TP21,168,680,structured
Q7X2A1,1,1118,structured
Q7X2A1,1119,1165,disordered
Q7X2A1,1166,1889,structured
Q7Y3F1,1,288,structured
Q7Y3F1,289,308,disordered
Q7Y3F1,309,465,structured
Q7YUB9,1,86,disordered
Q7Z094,1,35,structured
Q7Z094,36,46,disordered
Q7Z3C6,1,35,disordered
Q7Z3C6,36,95,structured
Q7Z3C6,96,105,disordered
Q7Z3C6,106,522,structured
Q7Z3C6,523,839,disordered
Q80FJ1,1,1,structured
Q80FJ1,2,31,disordered
Q80FJ1,32,125,structured
Q80VW5,1,419,structured
Q80VW5,420,430,disordered
Q80VW5,431,918,structured
Q81AN8,1,318,structured
Q81AN8,319,329,disordered
Q81AN8,330,412,structured
Q81EJ6,1,67,disordered
Q81EJ6,68,273,structured
Q81GI3,1,98,structured
Q81GI3,99,117,disordered
Q81GI3,118,148,structured
Q81GI3,149,160,disordered
Q81GI3,161,256,structured
Q83AR4,1,131,structured
Q83AR4,132,188,disordered
Q84852,1,16,structured
Q84852,17,299,disordered
Q84852,300,1225,structured
Q84ZX5,1,80,structured
Q84ZX5,81,132,disordered
Q85258,1,335,structured
Q85258,336,523,disordered
Q85258,524,594,structured
Q869A5,1,75,structured
Q869A5,76,116,disordered
Q869A5,117,176,structured
Q86C09,1,63,structured
Q86C09,64,73,disordered
Q86C09,74,367,structured
Q86FP8,1,19,structured
Q86FP8,20,80,disordered
Q86MV5,1,19,structured
Q86MV5,20,29,disordered
Q86MV5,30,473,structured
Q86MV5,474,487,disordered
Q86TV6,1,156,structured
Q86TV6,157,166,disordered
Q86TV6,167,196,structured
Q86TV6,197,212,disordered
Q86TV6,213,342,structured
Q86TV6,343,358,disordered
Q86TV6,359,618,structured
Q86TV6,619,686,disordered
Q86TV6,687,843,structured
Q86UE8,1,200,disordered
Q86UE8,201,772,structured
Q86VN1,1,2,disordered
Q86VN1,3,131,structured
Q86VN1,132,138,disordered
Q86VN1,139,148,structured
Q86VN1,149,171,disordered
Q86VN1,172,201,structured
Q86VN1,202,211,disordered
Q86VN1,212,386,structured
Q86WV6,1,341,structured
Q86WV6,342,379,disordered
Q86Y38,1,231,structured
Q86Y38,232,251,disordered
Q86Y38,252,959,structured
Q86YV5,1,931,structured
Q86YV5,932,943,disordered
Q86YV5,944,1029,structured
Q86YV5,1030,1039,disordered
Q86YV5,1040,1064,structured
Q86YV5,1065,1081,disordered
Q86YV5,1082,1217,structured
Q86YV5,1218,1238,disordered
Q86YV5,1239,1335,structured
Q86YV5,1336,1345,disordered
Q86YV5,1346,1406,structured
Q87GF9,1,360,structured
Q87GF9,361,428,disordered
Q87GF9,429,1622,structured
Q87P35,1,125,disordered
Q87P35,126,325,structured
Q87WW0,1,216,structured
Q87WW0,217,305,disordered
Q885L4,1,20,structured
Q885L4,21,35,disordered
Q885L4,36,99,structured
Q885L4,100,130,disordered
Q885L4,131,137,structured
Q88MI5,1,22,disordered
Q88MI5,23,92,structured
Q88QP8,1,39,structured
Q88QP8,40,62,disordered
Q88QP8,63,397,structured
Q8A6W3,1,235,disordered
Q8A6W3,236,1041,structured
Q8AVN9,1,12,disordered
Q8AVN9,13,68,structured
Q8AVN9,69,92,disordered
Q8AVN9,93,524,structured
Q8BH64,1,18,disordered
Q8BH64,19,109,structured
Q8BH64,110,130,disordered
Q8BH64,131,543,structured
Q8BPB0,1,10,structured
Q8BPB0,11,23,disordered
Q8BPB0,24,216,structured
Q8BTI9,1,12,disordered
Q8BTI9,13,298,structured
Q8BTI9,299,319,disordered
Q8BTI9,320,401,structured
Q8BTI9,402,431,disordered
Q8BTI9,432,513,structured
Q8BTI9,514,524,disordered
Q8BTI9,525,1064,structured
Q8CJ26,1,54,disordered
Q8CJ26,55,77,structured
Q8CJ26,78,127,disordered
Q8CJ26,128,228,structured
Q8GT36,1,103,disordered
Q8GTS2,1,14,structured
Q8GTS2,15,36,disordered
Q8GTS2,37,249,structured
Q8GUI6,1,124,structured
Q8GUI6,125,168,disordered
Q8GUI6,169,195,structured
Q8GUI6,196,211,disordered
Q8GUI6,212,954,structured
Q8GY31,1,129,structured
Q8GY31,130,146,disordered
Q8GY88,1,54,structured
Q8GY88,55,81,disordered
Q8GY88,82,211,structured
Q8GY88,212,227,disordered
Q8GY88,228,300,structured
Q8GYN5,1,211,disordered
Q8I295,1,217,disordered
Q8I295,218,535,structured
Q8I2X3,1,121,structured
Q8I2X3,122,136,disordered
Q8I2X3,137,396,structured
Q8IEU1,1,82,structured
Q8IEU1,83,148,disordered
Q8IEU1,149,229,structured
Q8IRG6,1,888,structured
Q8IRG6,889,1083,disordered
Q8IU57,1,269,structured
Q8IU57,270,299,disordered
Q8IU57,300,520,structured
Q8IUQ4,1,89,structured
Q8IUQ4,90,124,disordered
Q8IUQ4,125,131,structured
Q8IUQ4,132,133,disordered
Q8IUQ4,134,171,structured
Q8IUQ4,172,175,disordered
Q8IUQ4,176,196,structured
Q8IUQ4,197,202,disordered
Q8IUQ4,203,282,structured
Q8IVG9,1,24,disordered
Q8IVH4,1,181,structured
Q8IVH4,182,197,disordered
Q8IVH4,198,267,structured
Q8IVH4,268,279,disordered
Q8IVH4,280,418,structured
Q8IVH8,1,314,structured
Q8IVH8,315,380,disordered
Q8IVH8,381,894,structured
Q8IW19,1,398,structured
Q8IW19,399,420,disordered
Q8IW19,421,449,structured
Q8IW19,450,511,disordered
Q8IW75,1,366,structured
Q8IW75,367,377,disordered
Q8IW75,378,414,structured
Q8IY63,1,177,structured
Q8IY63,178,384,disordered
Q8IY63,385,956,structured
Q8IYB3,1,31,disordered
Q8IYB3,32,126,structured
Q8IYB3,127,904,disordered
Q8IYB8,1,46,structured
Q8IYB8,47,57,disordered
Q8IYB8,58,72,structured
Q8IYB8,73,86,disordered
Q8IYB8,87,445,structured
Q8IYB8,446,456,disordered
Q8IYB8,457,689,structured
Q8IYB8,690,722,disordered
Q8IYB8,723,786,structured
Q8IYT8,1,167,structured
Q8IYT8,168,177,disordered
Q8IYT8,178,1036,structured
Q8IYW5,1,93,structured
Q8IYW5,94,111,disordered
Q8IYW5,112,571,structured
Q8K310,1,477,structured
Q8K310,478,496,disordered
Q8K310,497,846,structured
Q8K368,1,100,disordered
Q8K368,101,250,structured
Q8K368,251,257,disordered
Q8K368,258,401,structured
Q8K368,402,410,disordered
Q8K368,411,553,structured
Q8K368,554,563,disordered
Q8K368,564,683,structured
Q8K368,684,694,disordered
Q8K368,695,714,structured
Q8K368,715,730,disordered
Q8K368,731,784,structured
Q8K368,785,797,disordered
Q8K368,798,886,structured
Q8K368,887,901,disordered
Q8K368,902,934,structured
Q8K368,935,944,disordered
Q8K368,945,1035,structured
Q8K368,1036,1038,disordered
Q8K368,1039,1056,structured
Q8K368,1057,1069,disordered
Q8K368,1070,1106,structured
Q8K368,1107,1126,disordered
Q8K368,1127,1222,structured
Q8K368,1223,1247,disordered
Q8K368,1248,1280,structured
Q8K368,1281,1302,disordered
Q8K368,1303,1330,structured
Q8K419,1,1,structured
Q8K419,2,12,disordered
Q8K419,13,326,structured
Q8L3W1,1,207,structured
Q8L3W1,208,220,disordered
Q8L3W1,221,341,structured
Q8N1G2,1,125,structured
Q8N1G2,126,140,disordered
Q8N1G2,141,835,structured
Q8N1Q8,1,101,structured
Q8N1Q8,102,111,disordered
Q8N1Q8,112,247,structured
Q8N300,1,23,disordered
Q8N300,24,66,structured
Q8N3I7,1,134,structured
Q8N3I7,135,148,disordered
Q8N3I7,149,253,structured
Q8N3I7,254,341,disordered
Q8N3V7,1,929,disordered
Q8N488,1,228,disordered
Q8N4Q1,1,106,structured
Q8N4Q1,107,142,disordered
Q8N5F7,1,328,disordered
Q8N5F7,329,358,structured
Q8N5F7,359,415,disordered
Q8N5H7,1,755,structured
Q8N5H7,756,769,disordered
Q8N5H7,770,860,structured
Q8N5Y2,1,225,structured
Q8N5Y2,226,246,disordered
Q8N5Y2,247,507,structured
Q8N5Y2,508,518,disordered
Q8N5Y2,519,521,structured
Q8N660,1,173,structured
Q8N660,174,247,disordered
Q8N660,248,337,structured
Q8N660,338,552,disordered
Q8N660,553,670,structured
Q8N807,1,20,structured
Q8N807,21,31,disordered
Q8N807,32,495,structured
Q8N807,496,580,disordered
Q8N807,581,584,structured
Q8NBI3,1,24,structured
Q8NBI3,25,245,disordered
Q8NBI3,246,349,structured
Q8NBP7,1,30,structured
Q8NBP7,31,60,disordered
Q8NBP7,61,692,structured
Q8NBZ7,1,394,structured
Q8NBZ7,395,420,disordered
Q8NC51,1,148,structured
Q8NC51,149,288,disordered
Q8NC51,289,299,structured
Q8NC51,300,400,disordered
Q8NC51,401,408,structured
Q8NEB9,1,245,structured
Q8NEB9,246,260,disordered
Q8NEB9,261,417,structured
Q8NEB9,418,470,disordered
Q8NEB9,471,871,structured
Q8NEB9,872,887,disordered
Q8NFJ9,1,20,disordered
Q8NFJ9,21,593,structured
Q8NHZ8,1,25,structured
Q8NHZ8,26,85,disordered
Q8NI22,1,26,structured
Q8NI22,27,146,disordered
Q8NM20,1,51,structured
Q8NM20,52,89,disordered
Q8QWD4,1,1,structured
Q8QWD4,2,29,disordered
Q8QWD4,30,69,structured
Q8R1S4,1,154,structured
Q8R1S4,155,168,disordered
Q8R1S4,169,727,structured
Q8R1S4,728,759,disordered
Q8R316,1,241,structured
Q8R316,242,255,disordered
Q8R316,256,357,structured
Q8R316,358,380,disordered
Q8R316,381,516,structured
Q8R464,1,24,structured
Q8R464,25,120,disordered
Q8R464,121,388,structured
Q8R4T5,1,96,disordered
Q8R4T5,97,119,structured
Q8R4T5,120,130,disordered
Q8R4T5,131,394,structured
Q8RNT4,1,18,structured
Q8RNT4,19,49,disordered
Q8RNT4,50,685,structured
Q8ST83,1,115,structured
Q8ST83,116,144,disordered
Q8ST83,145,170,structured
Q8ST83,171,246,disordered
Q8ST83,247,520,structured
Q8TDY2,1,1542,structured
Q8TDY2,1543,1552,disordered
Q8TDY2,1553,1594,structured
Q8TEA8,1,151,structured
Q8TEA8,152,209,disordered
Q8TEK3,1,332,structured
Q8TEK3,333,416,disordered
Q8TEK3,417,875,structured
Q8TEK3,876,900,disordered
Q8TEK3,901,1537,structured
Q8VDP3,1,486,structured
Q8VDP3,487,505,disordered
Q8VDP3,506,1048,structured
Q8VDQ1,1,253,structured
Q8VDQ1,254,265,disordered
Q8VDQ1,266,351,structured
Q8VHC5,1,99,structured
Q8VHC5,100,120,disordered
Q8VHC5,121,271,structured
Q8VHK2,1,602,structured
Q8VHK2,603,1430,disordered
Q8VY98,1,193,disordered
Q8VY98,194,266,structured
Q8WQM6,1,200,structured
Q8WQM6,201,210,disordered
Q8WQM6,211,262,structured
Q8WQX9,1,564,structured
Q8WQX9,565,585,disordered
Q8WQX9,586,930,structured
Q8WUM0,1,74,disordered
Q8WUM0,75,162,structured
Q8WUM0,163,169,disordered
Q8WUM0,170,201,structured
Q8WUM0,202,205,disordered
Q8WUM0,206,251,structured
Q8WUM0,252,269,disordered
Q8WUM0,270,477,structured
Q8WUM0,478,514,disordered
Q8WUM0,515,575,structured
Q8WUM0,576,595,disordered
Q8WUM0,596,630,structured
Q8WUM0,631,637,disordered
Q8WUM0,638,713,structured
Q8WUM0,714,717,disordered
Q8WUM0,718,746,structured
Q8WUM0,747,774,disordered
Q8WUM0,775,907,structured
Q8WUM0,908,920,disordered
Q8WUM0,921,1059,structured
Q8WUM0,1060,1064,disordered
Q8WUM0,1065,1083,structured
Q8WUM0,1084,1094,disordered
Q8WUM0,1095,1105,structured
Q8WUM0,1106,1118,disordered
Q8WUM0,1119,1129,structured
Q8WUM0,1130,1140,disordered
Q8WUM0,1141,1156,structured
Q8WUN7,1,20,disordered
Q8WUN7,21,234,structured
Q8WUP2,1,85,disordered
Q8WUP2,86,373,structured
Q8WV28,1,330,disordered
Q8WV28,331,456,structured
Q8WVM7,1,85,disordered
Q8WVM7,86,441,structured
Q8WVM7,442,457,disordered
Q8WVM7,458,842,structured
Q8WVM7,843,853,disordered
Q8WVM7,854,1052,structured
Q8WVM7,1053,1258,disordered
Q8WVQ1,1,70,structured
Q8WVQ1,71,84,disordered
Q8WVQ1,85,401,structured
Q8WXE9,1,299,structured
Q8WXE9,300,340,disordered
Q8WXE9,341,905,structured
Q8XAD5,1,63,disordered
Q8ZQC8,1,35,disordered
Q8ZQC8,36,63,structured
Q8ZQC8,64,74,disordered
Q8ZQC8,75,319,structured
Q8ZRP0,1,426,disordered
Q8ZRP0,427,804,structured
Q8ZRW0,1,224,disordered
Q8ZRW0,225,786,structured
Q91006,1,92,disordered
Q91006,93,159,structured
Q91006,160,178,disordered
Q91006,179,359,structured
Q91MK1,1,266,structured
Q91MK1,267,336,disordered
Q91MK1,337,388,structured
Q91V27,1,146,structured
Q91V27,147,403,disordered
Q91V27,404,590,structured
Q91WA6,1,300,structured
Q91WA6,301,341,disordered
Q91WA6,342,380,structured
Q91YD9,1,202,structured
Q91YD9,203,267,disordered
Q91YD9,268,418,structured
Q91YD9,419,428,disordered
Q91YD9,429,501,structured
Q91ZE9,1,185,disordered
Q920Q2,1,1134,structured
Q920Q2,1135,1152,disordered
Q920Q2,1153,1249,structured
Q92499,1,71,structured
Q92499,72,85,disordered
Q92499,86,740,structured
Q92540,1,110,structured
Q92540,111,143,disordered
Q92540,144,349,structured
Q92540,350,352,disordered
Q92540,353,438,structured
Q92540,439,446,disordered
Q92540,447,1137,structured
Q92558,1,14,disordered
Q92558,15,184,structured
Q92558,185,494,disordered
Q92558,495,516,structured
Q92558,517,526,disordered
Q92558,527,543,structured
Q92558,544,559,disordered
Q92574,1,938,structured
Q92574,939,992,disordered
Q92574,993,1164,structured
Q925J9,1,636,structured
Q925J9,637,654,disordered
Q925J9,655,1575,structured
Q92608,1,69,structured
Q92608,70,80,disordered
Q92608,81,577,structured
Q92608,578,589,disordered
Q92608,590,1256,structured
Q92608,1257,1270,disordered
Q92608,1271,1620,structured
Q92608,1621,1830,disordered
Q92743,1,93,structured
Q92743,94,106,disordered
Q92743,107,300,structured
Q92743,301,313,disordered
Q92743,314,480,structured
Q92783,1,139,structured
Q92783,140,170,disordered
Q92783,171,540,structured
Q92804,1,322,structured
Q92804,323,354,disordered
Q92804,355,592,structured
Q92837,1,279,disordered
Q92847,1,338,structured
Q92847,339,366,disordered
Q92886,1,89,structured
Q92886,90,150,disordered
Q92886,151,237,structured
Q928V6,1,132,structured
Q928V6,133,350,disordered
Q928V6,351,399,structured
Q928V6,400,452,disordered
Q92900,1,114,structured
Q92900,115,117,disordered
Q92900,118,198,structured
Q92900,199,203,disordered
Q92900,204,218,structured
Q92900,219,228,disordered
Q92900,229,279,structured
Q92900,280,287,disordered
Q92900,288,333,structured
Q92900,334,339,disordered
Q92900,340,347,structured
Q92900,348,359,disordered
Q92900,360,363,structured
Q92900,364,366,disordered
Q92900,367,377,structured
Q92900,378,384,disordered
Q92900,385,395,structured
Q92900,396,401,disordered
Q92900,402,405,structured
Q92900,406,410,disordered
Q92900,411,411,structured
Q92900,412,416,disordered
Q92900,417,561,structured
Q92900,562,565,disordered
Q92900,566,592,structured
Q92900,593,598,disordered
Q92900,599,743,structured
Q92900,744,745,disordered
Q92900,746,768,structured
Q92900,769,771,disordered
Q92900,772,854,structured
Q92900,855,861,disordered
Q92900,862,919,structured
Q92900,920,925,disordered
Q92900,926,1129,structured
Q92905,1,197,structured
Q92905,198,218,disordered
Q92905,219,283,structured
Q92905,284,295,disordered
Q92905,296,334,structured
Q92913,1,211,structured
Q92913,212,245,disordered
Q92945,1,129,structured
Q92945,130,218,disordered
Q92945,219,711,structured
Q92973,1,8,structured
Q92973,9,37,disordered
Q92973,38,44,structured
Q92973,45,54,disordered
Q92973,55,63,structured
Q92973,64,72,disordered
Q92973,73,83,structured
Q92973,84,87,disordered
Q92973,88,166,structured
Q92973,167,178,disordered
Q92973,179,318,structured
Q92973,319,379,disordered
Q92973,380,896,structured
Q92973,897,898,disordered
Q93EK7,1,282,structured
Q93EK7,283,311,disordered
Q93P54,1,413,structured
Q93P54,414,427,disordered
Q93P54,428,430,structured
Q93P54,431,444,disordered
Q93P54,445,521,structured
Q95V77,1,143,disordered
Q95ZK7,1,259,structured
Q95ZK7,260,269,disordered
Q95ZK7,270,969,structured
Q96273,1,97,disordered
Q969F2,1,217,disordered
Q969F2,218,451,structured
Q969R2,1,184,disordered
Q969R2,185,916,structured
Q96AC1,1,15,disordered
Q96AC1,16,94,structured
Q96AC1,95,105,disordered
Q96AC1,106,327,structured
Q96AC1,328,367,disordered
Q96AC1,368,680,structured
Q96AY2,1,177,structured
Q96AY2,178,238,disordered
Q96AY2,239,245,structured
Q96AY2,246,249,disordered
Q96AY2,250,294,structured
Q96AY2,295,306,disordered
Q96AY2,307,319,structured
Q96AY2,320,348,disordered
Q96AY2,349,357,structured
Q96AY2,358,359,disordered
Q96AY2,360,367,structured
Q96AY2,368,403,disordered
Q96AY2,404,444,structured
Q96AY2,445,455,disordered
Q96AY2,456,534,structured
Q96AY2,535,543,disordered
Q96AY2,544,566,structured
Q96AY2,567,570,disordered
Q96B02,1,135,structured
Q96B02,136,145,disordered
Q96B02,146,151,structured
Q96BT7,1,158,structured
Q96BT7,159,173,disordered
Q96BT7,174,181,structured
Q96BT7,182,191,disordered
Q96BT7,192,664,structured
Q96C36,1,273,structured
Q96C36,274,300,disordered
Q96C36,301,320,structured
Q96C86,1,37,disordered
Q96C86,38,337,structured
Q96CV9,1,25,structured
Q96CV9,26,103,disordered
Q96CV9,104,168,structured
Q96CV9,169,185,disordered
Q96CV9,186,415,structured
Q96CV9,416,452,disordered
Q96CV9,453,501,structured
Q96CV9,502,510,disordered
Q96CV9,511,577,structured
Q96DE5,1,51,disordered
Q96DE5,52,110,structured
Q96E14,1,16,disordered
Q96E14,17,33,structured
Q96E14,34,55,disordered
Q96E14,56,147,structured
Q96EP1,1,125,structured
Q96EP1,126,128,disordered
Q96EP1,129,393,structured
Q96EP1,394,424,disordered
Q96EP1,425,445,structured
Q96EP1,446,472,disordered
Q96EP1,473,662,structured
Q96EP1,663,664,disordered
Q96EQ8,1,32,disordered
Q96EQ8,33,232,structured
Q96F86,1,202,structured
Q96F86,203,258,disordered
Q96F86,259,508,structured
Q96FI4,1,311,structured
Q96FI4,312,389,disordered
Q96FI4,390,390,structured
Q96FQ6,1,50,structured
Q96FQ6,51,71,disordered
Q96FQ6,72,103,structured
Q96G97,1,1,structured
Q96G97,2,60,disordered
Q96G97,61,219,structured
Q96G97,220,398,disordered
Q96GC6,1,3,structured
Q96GC6,4,246,disordered
Q96GC6,247,653,structured
Q96GD4,1,220,structured
Q96GD4,221,236,disordered
Q96GD4,237,344,structured
Q96GU1,1,19,structured
Q96GU1,20,130,disordered
Q96GX5,1,854,structured
Q96GX5,855,879,disordered
Q96H20,1,25,disordered
Q96H20,26,258,structured
Q96IZ0,1,58,structured
Q96IZ0,59,81,disordered
Q96IZ0,82,247,structured
Q96IZ0,248,340,disordered
Q96MS0,1,653,structured
Q96MS0,654,667,disordered
Q96MS0,668,1386,structured
Q96N21,1,135,structured
Q96N21,136,153,disordered
Q96N21,154,525,structured
Q96NW4,1,618,structured
Q96NW4,619,640,disordered
Q96NW4,641,692,structured
Q96NW4,693,732,disordered
Q96NW4,733,1050,structured
Q96PM5,1,186,structured
Q96PM5,187,215,disordered
Q96PM5,216,261,structured
Q96PU5,1,5,disordered
Q96PU5,6,35,structured
Q96PU5,36,39,disordered
Q96PU5,40,120,structured
Q96PU5,121,125,disordered
Q96PU5,126,399,structured
Q96PU5,400,480,disordered
Q96PU5,481,495,structured
Q96PU5,496,497,disordered
Q96PU5,498,529,structured
Q96PU5,530,539,disordered
Q96PU5,540,653,structured
Q96PU5,654,658,disordered
Q96PU5,659,944,structured
Q96PU5,945,958,disordered
Q96PU5,959,969,structured
Q96PU5,970,975,disordered
Q96PY5,1,149,structured
Q96PY5,150,204,disordered
Q96PY5,205,1086,structured
Q96Q11,1,127,structured
Q96Q11,128,139,disordered
Q96Q11,140,383,structured
Q96Q11,384,434,disordered
Q96QZ7,1,453,structured
Q96QZ7,454,580,disordered
Q96QZ7,581,673,structured
Q96QZ7,674,675,disordered
Q96QZ7,676,1491,structured
Q96RD7,1,162,structured
Q96RD7,163,190,disordered
Q96RD7,191,373,structured
Q96RD7,374,426,disordered
Q96RF0,1,58,structured
Q96RF0,59,224,disordered
Q96RF0,225,628,structured
Q96RI1,1,248,structured
Q96RI1,249,260,disordered
Q96RI1,261,274,structured
Q96RI1,275,298,disordered
Q96RI1,299,351,structured
Q96RI1,352,361,disordered
Q96RI1,362,369,structured
Q96RI1,370,371,disordered
Q96RI1,372,411,structured
Q96RI1,412,413,disordered
Q96RI1,414,465,structured
Q96RI1,466,475,disordered
Q96RI1,476,483,structured
Q96RI1,484,486,disordered
Q96RJ3,1,19,disordered
Q96RJ3,20,36,structured
Q96RJ3,37,184,disordered
Q96RK4,1,27,disordered
Q96RK4,28,423,structured
Q96RK4,424,519,disordered
Q96RS0,1,617,structured
Q96RS0,618,633,disordered
Q96RS0,634,853,structured
Q96SD1,1,479,structured
Q96SD1,480,575,disordered
Q96SD1,576,692,structured
Q96T21,1,600,disordered
Q96T21,601,775,structured
Q96T21,776,854,disordered
Q96T88,1,72,structured
Q96T88,73,76,disordered
Q96T88,77,125,structured
Q96T88,126,133,disordered
Q96T88,134,161,structured
Q96T88,162,181,disordered
Q96T88,182,281,structured
Q96T88,282,367,disordered
Q96T88,368,413,structured
Q96T88,414,415,disordered
Q96T88,416,483,structured
Q96T88,484,501,disordered
Q96T88,502,614,structured
Q96T88,615,678,disordered
Q96T88,679,700,structured
Q96T88,701,703,disordered
Q96T88,704,793,structured
Q97W59,1,17,structured
Q97W59,18,139,disordered
Q97W73,1,118,structured
Q97W73,119,148,disordered
Q97ZL0,1,11,disordered
Q97ZL0,12,101,structured
Q98148,1,324,structured
Q98148,325,426,disordered
Q98148,427,619,structured
Q98148,620,723,disordered
Q98148,724,744,structured
Q98148,745,925,disordered
Q98148,926,1109,structured
Q98148,1110,1162,disordered
Q98157,1,20,structured
Q98157,21,34,disordered
Q98157,35,94,structured
Q98325,1,191,structured
Q98325,192,241,disordered
Q99075,1,72,structured
Q99075,73,106,disordered
Q99075,107,184,structured
Q99075,185,208,disordered
Q99598,1,30,disordered
Q99598,31,156,structured
Q99598,157,176,disordered
Q99598,177,274,structured
Q99598,275,290,disordered
Q99714,1,94,structured
Q99714,95,113,disordered
Q99714,114,207,structured
Q99714,208,228,disordered
Q99714,229,261,structured
Q99801,1,113,disordered
Q99801,114,234,structured
Q99958,1,133,structured
Q99958,134,144,disordered
Q99958,145,501,structured
Q99967,1,215,structured
Q99967,216,269,disordered
Q99967,270,270,structured
Q99986,1,20,disordered
Q99986,21,341,structured
Q99986,342,364,disordered
Q99986,365,396,structured
Q99LJ8,1,46,structured
Q99LJ8,47,120,disordered
Q99LJ8,121,297,structured
Q99LM3,1,341,disordered
Q99LM3,342,459,structured
Q99ML1,1,127,structured
Q99ML1,128,161,disordered
Q99ML1,162,193,structured
Q9A8N4,1,133,disordered
Q9A8N4,134,177,structured
Q9AXT8,1,156,structured
Q9AXT8,157,169,disordered
Q9AXT8,170,309,structured
Q9AXT8,310,337,disordered
Q9AXT8,338,416,structured
Q9AXT8,417,441,disordered
Q9AXT8,442,518,structured
Q9AXT8,519,533,disordered
Q9AXT8,534,886,structured
Q9AXT8,887,912,disordered
Q9BP37,1,22,structured
Q9BP37,23,88,disordered
Q9BP38,1,24,structured
Q9BP38,25,54,disordered
Q9BP38,55,171,structured
Q9BPZ7,1,522,disordered
Q9BQ15,1,27,structured
Q9BQ15,28,37,disordered
Q9BQ15,38,70,structured
Q9BQ15,71,81,disordered
Q9BQ15,82,109,structured
Q9BQ15,110,211,disordered
Q9BQ50,1,158,structured
Q9BQ50,159,168,disordered
Q9BQ50,169,236,structured
Q9BRG1,1,132,structured
Q9BRG1,133,145,disordered
Q9BRG1,146,176,structured
Q9BRT9,1,20,disordered
Q9BRT9,21,223,structured
Q9BRX5,1,193,structured
Q9BRX5,194,216,disordered
Q9BRZ2,1,17,disordered
Q9BRZ2,18,755,structured
Q9BS26,1,327,structured
Q9BS26,328,372,disordered
Q9BS26,373,406,structured
Q9BSQ5,1,159,structured
Q9BSQ5,160,190,disordered
Q9BSQ5,191,376,structured
Q9BSQ5,377,420,disordered
Q9BSQ5,421,444,structured
Q9BSY4,1,93,structured
Q9BSY4,94,109,disordered
Q9BSY4,110,110,structured
Q9BTT0,1,185,structured
Q9BTT0,186,224,disordered
Q9BTT0,225,268,structured
Q9BUH6,1,142,structured
Q9BUH6,143,204,disordered
Q9BUL9,1,21,disordered
Q9BUL9,22,157,structured
Q9BUL9,158,199,disordered
Q9BUQ8,1,257,disordered
Q9BUQ8,258,337,structured
Q9BUQ8,338,351,disordered
Q9BUQ8,352,790,structured
Q9BUQ8,791,820,disordered
Q9BV68,1,40,structured
Q9BV68,41,66,disordered
Q9BV68,67,311,structured
Q9BVI0,1,69,structured
Q9BVI0,70,85,disordered
Q9BVI0,86,1012,structured
Q9BXW4,1,12,disordered
Q9BXW4,13,147,structured
Q9BYC5,1,40,structured
Q9BYC5,41,107,disordered
Q9BYC5,108,575,structured
Q9BYF1,1,768,structured
Q9BYF1,769,805,disordered
Q9BYG3,1,225,structured
Q9BYG3,226,269,disordered
Q9BYG3,270,293,structured
Q9BZE9,1,497,structured
Q9BZE9,498,553,disordered
Q9C000,1,30,structured
Q9C000,31,50,disordered
Q9C000,51,1473,structured
Q9C0C7,1,526,structured
Q9C0C7,527,541,disordered
Q9C0C7,542,1298,structured
Q9C1S9,1,43,structured
Q9C1S9,44,96,disordered
Q9C1S9,97,476,structured
Q9CQK7,1,243,disordered
Q9CX60,1,105,disordered
Q9CXW3,1,47,structured
Q9CXW3,48,77,disordered
Q9CXW3,78,177,structured
Q9CXW3,178,229,disordered
Q9CXY6,1,361,structured
Q9CXY6,362,390,disordered
Q9DBG5,1,190,structured
Q9DBG5,191,205,disordered
Q9DBG5,206,288,structured
Q9DBG5,289,320,disordered
Q9DBG5,321,437,structured
Q9DCL8,1,206,disordered
Q9DQX7,1,146,structured
Q9DQX7,147,157,disordered
Q9DQX7,158,338,structured
Q9DQX7,339,363,disordered
Q9DQX7,364,569,structured
Q9EPH0,1,563,structured
Q9EPH0,564,636,disordered
Q9EPH0,637,744,structured
Q9ERC1,1,1145,structured
Q9ERC1,1146,1912,disordered
Q9ERE3,1,125,structured
Q9ERE3,126,160,disordered
Q9ERE3,161,496,structured
Q9ERE7,1,28,structured
Q9ERE7,29,102,disordered
Q9ERE7,103,224,structured
Q9ES89,1,274,structured
Q9ES89,275,285,disordered
Q9ES89,286,330,structured
Q9ESJ0,1,169,structured
Q9ESJ0,170,181,disordered
Q9ESJ0,182,240,structured
Q9ESJ0,241,260,disordered
Q9ESJ0,261,506,structured
Q9ESJ0,507,530,disordered
Q9ESJ0,531,760,structured
Q9ESJ0,761,771,disordered
Q9ESJ0,772,930,structured
Q9ESJ0,931,948,disordered
Q9ESJ0,949,1033,structured
Q9ESJ0,1034,1046,disordered
Q9ESJ0,1047,1151,structured
Q9ET78,1,330,structured
Q9ET78,331,413,disordered
Q9ET78,414,696,structured
Q9FIC3,1,74,structured
Q9FIC3,75,84,disordered
Q9FIC3,85,93,structured
Q9FIX2,1,150,structured
Q9FIX2,151,165,disordered
Q9FLN8,1,24,disordered
Q9FLN8,25,386,structured
Q9FUM5,1,65,disordered
Q9FUW7,1,280,disordered
Q9GRZ3,1,1419,structured
Q9GRZ3,1420,1441,disordered
Q9GRZ3,1442,1457,structured
Q9GRZ3,1458,1494,disordered
Q9GRZ3,1495,1641,structured
Q9GSG7,1,112,disordered
Q9GSG7,113,459,structured
Q9GU80,1,186,structured
Q9GU80,187,223,disordered
Q9GU80,224,499,structured
Q9GZN7,1,46,structured
Q9GZN7,47,56,disordered
Q9GZN7,57,287,structured
Q9GZU1,1,59,disordered
Q9GZU1,60,205,structured
Q9GZU1,206,215,disordered
Q9GZU1,216,526,structured
Q9GZU1,527,580,disordered
Q9GZZ9,1,324,structured
Q9GZZ9,325,404,disordered
Q9H078,1,207,structured
Q9H078,208,227,disordered
Q9H078,228,707,structured
Q9H0E2,1,53,disordered
Q9H0E2,54,274,structured
Q9H0W8,1,180,disordered
Q9H0W8,181,520,structured
Q9H1A4,1,10,disordered
Q9H1A4,11,32,structured
Q9H1A4,33,70,disordered
Q9H1A4,71,133,structured
Q9H1A4,134,145,disordered
Q9H1A4,146,192,structured
Q9H1A4,193,205,disordered
Q9H1A4,206,276,structured
Q9H1A4,277,403,disordered
Q9H1A4,404,512,structured
Q9H1A4,513,580,disordered
Q9H1A4,581,670,structured
Q9H1A4,671,703,disordered
Q9H1A4,704,731,structured
Q9H1A4,732,756,disordered
Q9H1A4,757,814,structured
Q9H1A4,815,838,disordered
Q9H1A4,839,882,structured
Q9H1A4,883,923,disordered
Q9H1A4,924,986,structured
Q9H1A4,987,1012,disordered
Q9H1A4,1013,1333,structured
Q9H1A4,1334,1346,disordered
Q9H1A4,1347,1437,structured
Q9H1A4,1438,1451,disordered
Q9H1A4,1452,1704,structured
Q9H1A4,1705,1746,disordered
Q9H1A4,1747,1755,structured
Q9H1A4,1756,1769,disordered
Q9H1A4,1770,1827,structured
Q9H1A4,1828,1838,disordered
Q9H1A4,1839,1895,structured
Q9H1A4,1896,1907,disordered
Q9H1A4,1908,1932,structured
Q9H1A4,1933,1944,disordered
Q9H1D0,1,654,structured
Q9H1D0,655,725,disordered
Q9H1D0,726,765,structured
Q9H2Y7,1,1255,structured
Q9H2Y7,1256,1521,disordered
Q9H2Y7,1522,1883,structured
Q9H3L0,1,107,structured
Q9H3L0,108,133,disordered
Q9H3L0,134,296,structured
Q9H3M7,1,299,structured
Q9H3M7,300,317,disordered
Q9H3M7,318,391,structured
Q9H3P2,1,188,structured
Q9H3P2,189,528,disordered
Q9H4L7,1,108,structured
Q9H4L7,109,150,disordered
Q9H4L7,151,199,structured
Q9H4L7,200,250,disordered
Q9H4L7,251,1026,structured
Q9H816,1,313,structured
Q9H816,314,335,disordered
Q9H816,336,494,structured
Q9H816,495,530,disordered
Q9H816,531,532,structured
Q9H832,1,99,disordered
Q9H832,100,326,structured
Q9H832,327,354,disordered
Q9H875,1,50,disordered
Q9H875,51,142,structured
Q9H875,143,184,disordered
Q9H8Y8,1,208,structured
Q9H8Y8,209,452,disordered
Q9H900,1,68,structured
Q9H900,69,98,disordered
Q9H900,99,211,structured
Q9H900,212,221,disordered
Q9H900,222,252,structured
Q9H900,253,263,disordered
Q9H900,264,309,structured
Q9H900,310,338,disordered
Q9H900,339,560,structured
Q9H900,561,575,disordered
Q9H900,576,591,structured
Q9H981,1,400,structured
Q9H981,401,507,disordered
Q9H981,508,624,structured
Q9H9B1,1,671,structured
Q9H9B1,672,730,disordered
Q9H9B1,731,764,structured
Q9H9B1,765,774,disordered
Q9H9B1,775,981,structured
Q9H9B1,982,1008,disordered
Q9H9B1,1009,1048,structured
Q9H9B1,1049,1055,disordered
Q9H9B1,1056,1082,structured
Q9H9B1,1083,1098,disordered
Q9H9B1,1099,1177,structured
Q9H9B1,1178,1183,disordered
Q9H9B1,1184,1250,structured
Q9H9B1,1251,1254,disordered
Q9H9B1,1255,1298,structured
Q9H9R9,1,158,disordered
Q9HAN9,1,108,structured
Q9HAN9,109,146,disordered
Q9HAN9,147,279,structured
Q9HAU5,1,428,structured
Q9HAU5,429,536,disordered
Q9HAU5,537,551,structured
Q9HAU5,552,558,disordered
Q9HAU5,559,655,structured
Q9HAU5,656,657,disordered
Q9HAU5,658,756,structured
Q9HAU5,757,767,disordered
Q9HAU5,768,1014,structured
Q9HAU5,1015,1078,disordered
Q9HAU5,1079,1104,structured
Q9HAU5,1105,1227,disordered
Q9HAU5,1228,1272,structured
Q9HAV4,1,473,structured
Q9HAV4,474,490,disordered
Q9HAV4,491,937,structured
Q9HAV4,938,951,disordered
Q9HAV4,952,979,structured
Q9HAV4,980,1009,disordered
Q9HAV4,1010,1136,structured
Q9HAV4,1137,1204,disordered
Q9HBA0,1,148,disordered
Q9HBA0,149,871,structured
Q9HC35,1,44,structured
Q9HC35,45,64,disordered
Q9HC35,65,981,structured
Q9HC77,1,310,structured
Q9HC77,311,348,disordered
Q9HC77,349,360,structured
Q9HC77,361,422,disordered
Q9HC77,423,1338,structured
Q9HCB6,1,28,structured
Q9HCB6,29,43,disordered
Q9HCB6,44,184,structured
Q9HCB6,185,198,disordered
Q9HCB6,199,807,structured
Q9HD36,1,106,structured
Q9HD36,107,121,disordered
Q9HD36,122,204,structured
Q9HKT1,1,178,structured
Q9HKT1,179,193,disordered
Q9HKT1,194,262,structured
Q9HZJ8,1,42,disordered
Q9HZJ8,43,161,structured
Q9I1X7,1,31,disordered
Q9I1X7,32,840,structured
Q9I322,1,81,disordered
Q9I332,1,253,disordered
Q9I332,254,369,structured
Q9I832,1,89,structured
Q9I832,90,120,disordered
Q9I832,121,264,structured
Q9IH62,1,235,structured
Q9IH62,236,245,disordered
Q9IH62,246,578,structured
Q9IH62,579,590,disordered
Q9IH62,591,602,structured
Q9IK92,1,399,structured
Q9IK92,400,532,disordered
Q9J0X9,1,160,disordered
Q9J0X9,161,512,structured
Q9JI51,1,114,structured
Q9JI51,115,199,disordered
Q9JI51,200,224,structured
Q9JIP3,1,395,structured
Q9JIP3,396,416,disordered
Q9JIP3,417,499,structured
Q9JPP1,1,132,structured
Q9JPP1,133,275,disordered
Q9JPP1,276,427,structured
Q9JWM8,1,364,structured
Q9JWM8,365,389,disordered
Q9JWM8,390,522,structured
Q9JYK4,1,469,structured
Q9JYK4,470,546,disordered
Q9JYK4,547,737,structured
Q9JYY3,1,62,disordered
Q9JYY3,63,264,structured
Q9JYY3,265,280,disordered
Q9JYY3,281,414,structured
Q9JZ10,1,19,structured
Q9JZ10,20,66,disordered
Q9JZ10,67,145,structured
Q9JZ55,1,237,structured
Q9JZ55,238,250,disordered
Q9JZ55,251,280,structured
Q9JZG1,1,297,structured
Q9JZG1,298,310,disordered
Q9JZG1,311,324,structured
Q9JZG1,325,364,disordered
Q9JZG1,365,517,structured
Q9JZN9,1,24,structured
Q9JZN9,25,41,disordered
Q9JZN9,42,264,structured
Q9JZN9,265,323,disordered
Q9JZN9,324,457,structured
Q9JZN9,458,480,disordered
Q9JZN9,481,634,structured
Q9JZN9,635,651,disordered
Q9JZN9,652,758,structured
Q9K169,1,14,disordered
Q9K169,15,351,structured
Q9KJ82,1,76,disordered
Q9KMA5,1,36,disordered
Q9KMA5,37,104,structured
Q9KRE7,1,21,disordered
Q9KRE7,22,280,structured
Q9KX51,1,17,disordered
Q9KX51,18,176,structured
Q9KX51,177,256,disordered
Q9L9I0,1,122,structured
Q9L9I0,123,151,disordered
Q9LTJ1,1,66,structured
Q9LTJ1,67,78,disordered
Q9LTJ1,79,126,structured
Q9LTJ1,127,140,disordered
Q9LTJ1,141,225,structured
Q9LUA9,1,174,structured
Q9LUA9,175,208,disordered
Q9LUA9,209,373,structured
Q9LZP9,1,131,disordered
Q9M2T2,1,9,structured
Q9M2T2,10,55,disordered
Q9M2T2,56,62,structured
Q9M2T2,63,95,disordered
Q9M2T2,96,110,structured
Q9M2T2,111,156,disordered
Q9M4V2,1,113,disordered
Q9M4V2,114,501,structured
Q9MAA7,1,49,structured
Q9MAA7,50,62,disordered
Q9MAA7,63,345,structured
Q9MAB9,1,100,structured
Q9MAB9,101,116,disordered
Q9MAB9,117,117,structured
Q9N4U5,1,162,structured
Q9N4U5,163,223,disordered
Q9N4U5,224,547,structured
Q9NHC3,1,101,structured
Q9NHC3,102,117,disordered
Q9NHC3,118,279,structured
Q9NP70,1,26,structured
Q9NP70,27,447,disordered
Q9NP98,1,299,disordered
Q9NPF0,1,85,structured
Q9NPF0,86,128,disordered
Q9NPF0,129,282,structured
Q9NQB0,1,130,disordered
Q9NQB0,131,619,structured
Q9NQC7,1,840,structured
Q9NQC7,841,857,disordered
Q9NQC7,858,956,structured
Q9NQI0,1,238,disordered
Q9NQI0,239,724,structured
Q9NQS7,1,2,disordered
Q9NQS7,3,834,structured
Q9NQS7,835,839,disordered
Q9NQS7,840,852,structured
Q9NQS7,853,903,disordered
Q9NQS7,904,918,structured
Q9NQX3,1,12,disordered
Q9NQX3,13,736,structured
Q9NR00,1,106,disordered
Q9NR28,1,55,structured
Q9NR28,56,70,disordered
Q9NR28,71,239,structured
Q9NRA2,1,31,disordered
Q9NRA2,32,68,structured
Q9NRA2,69,101,disordered
Q9NRA2,102,495,structured
Q9NRJ3,1,127,disordered
Q9NRN7,1,247,structured
Q9NRN7,248,263,disordered
Q9NRN7,264,309,structured
Q9NRR4,1,389,structured
Q9NRR4,390,411,disordered
Q9NRR4,412,458,structured
Q9NRR4,459,521,disordered
Q9NRR4,522,711,structured
Q9NRR4,712,849,disordered
Q9NRR4,850,929,structured
Q9NRR4,930,957,disordered
Q9NRR4,958,1332,structured
Q9NRR4,1333,1365,disordered
Q9NRR4,1366,1374,structured
Q9NRY2,1,62,disordered
Q9NRY2,63,104,structured
Q9NT62,1,128,structured
Q9NT62,129,158,disordered
Q9NT62,159,314,structured
Q9NUM4,1,119,disordered
Q9NUM4,120,254,structured
Q9NUM4,255,274,disordered
Q9NV23,1,24,disordered
Q9NV23,25,58,structured
Q9NV23,59,76,disordered
Q9NV23,77,265,structured
Q9NW15,1,13,disordered
Q9NW15,14,462,structured
Q9NW15,463,474,disordered
Q9NW15,475,639,structured
Q9NW15,640,660,disordered
Q9NX46,1,13,disordered
Q9NX46,14,59,structured
Q9NX46,60,69,disordered
Q9NX46,70,363,structured
Q9NXG6,1,87,structured
Q9NXG6,88,106,disordered
Q9NXG6,107,481,structured
Q9NXG6,482,502,disordered
Q9NXV2,1,187,structured
Q9NXV2,188,200,disordered
Q9NXV2,201,211,structured
Q9NXV2,212,234,disordered
Q9NYB9,1,155,structured
Q9NYB9,156,513,disordered
Q9NYV4,1,1022,structured
Q9NYV4,1023,1063,disordered
Q9NYV4,1064,1490,structured
Q9NZ94,1,730,structured
Q9NZ94,731,848,disordered
Q9NZD4,1,91,structured
Q9NZD4,92,102,disordered
Q9Q8E9,1,32,disordered
Q9Q8E9,33,61,structured
Q9Q8E9,62,73,disordered
Q9Q8E9,74,102,structured
Q9Q8N4,1,150,structured
Q9Q8N4,151,203,disordered
Q9QR99,1,99,structured
Q9QR99,100,130,disordered
Q9QR99,131,647,structured
Q9QUG2,1,545,structured
Q9QUG2,546,616,disordered
Q9QUG2,617,852,structured
Q9QWH1,1,79,disordered
Q9QWH1,80,850,structured
Q9QXN5,1,28,disordered
Q9QXN5,29,285,structured
Q9QXT8,1,64,structured
Q9QXT8,65,256,disordered
Q9R224,1,128,disordered
Q9RFD6,1,29,disordered
Q9RFD6,30,297,structured
Q9RJY2,1,234,structured
Q9RJY2,235,264,disordered
Q9RJY2,265,364,structured
Q9RQJ2,1,463,structured
Q9RQJ2,464,484,disordered
Q9RQJ2,485,556,structured
Q9RY65,1,18,disordered
Q9RY65,19,91,structured
Q9S446,1,161,structured
Q9S446,162,176,disordered
Q9S446,177,206,structured
Q9S7A9,1,103,structured
Q9S7A9,104,131,disordered
Q9S7A9,132,174,structured
Q9S7B5,1,346,structured
Q9S7B5,347,363,disordered
Q9S7B5,364,526,structured
Q9SIN5,1,40,structured
Q9SIN5,41,139,disordered
Q9SIN5,140,141,structured
Q9SKB2,1,224,structured
Q9SKB2,225,270,disordered
Q9SKB2,271,641,structured
Q9SKI4,1,105,structured
Q9SKI4,106,193,disordered
Q9SKI4,194,640,structured
Q9SLJ2,1,98,disordered
Q9SN68,1,31,structured
Q9SN68,32,44,disordered
Q9SN68,45,200,structured
Q9SN73,1,56,structured
Q9SN73,57,67,disordered
Q9SN73,68,136,structured
Q9SQK3,1,39,structured
Q9SQK3,40,112,disordered
Q9SQK3,113,315,structured
Q9SQZ9,1,1,structured
Q9SQZ9,2,12,disordered
Q9SQZ9,13,94,structured
Q9SQZ9,95,104,disordered
Q9SQZ9,105,176,structured
Q9SSA5,1,296,structured
Q9SSA5,297,336,disordered
Q9SSA5,337,349,structured
Q9SSA5,350,377,disordered
Q9SSA5,378,437,structured
Q9SSK9,1,44,structured
Q9SSK9,45,65,disordered
Q9SSK9,66,335,structured
Q9SSN3,1,44,structured
Q9SSN3,45,58,disordered
Q9SSN3,59,176,structured
Q9SU24,1,215,structured
Q9SU24,216,234,disordered
Q9SU24,235,813,structured
Q9TXA6,1,128,structured
Q9TXA6,129,141,disordered
Q9U1D9,1,18,disordered
Q9U1D9,19,125,structured
Q9U3N4,1,86,structured
Q9U3N4,87,100,disordered
Q9U3N4,101,251,structured
Q9U3N4,252,261,disordered
Q9U3N4,262,369,structured
Q9U3N4,370,389,disordered
Q9U489,1,729,structured
Q9U489,730,757,disordered
Q9U489,758,1147,structured
Q9U4H7,1,86,structured
Q9U4H7,87,106,disordered
Q9U4H7,107,133,structured
Q9U5N6,1,357,structured
Q9U5N6,358,370,disordered
Q9U5N6,371,371,structured
Q9U7C3,1,452,structured
Q9U7C3,453,473,disordered
Q9U7C3,474,599,structured
Q9U7C3,600,611,disordered
Q9U7C3,612,655,structured
Q9UBB5,1,142,structured
Q9UBB5,143,148,disordered
Q9UBB5,149,214,structured
Q9UBB5,215,220,disordered
Q9UBB5,221,237,structured
Q9UBB5,238,356,disordered
Q9UBB5,357,411,structured
Q9UBE0,1,24,disordered
Q9UBE0,25,175,structured
Q9UBE0,176,208,disordered
Q9UBE0,209,221,structured
Q9UBE0,222,235,disordered
Q9UBE0,236,269,structured
Q9UBE0,270,294,disordered
Q9UBE0,295,346,structured
Q9UBK2,1,1,structured
Q9UBK2,2,220,disordered
Q9UBK2,221,798,structured
Q9UBK8,1,164,structured
Q9UBK8,165,216,disordered
Q9UBK8,217,257,structured
Q9UBK8,258,271,disordered
Q9UBK8,272,501,structured
Q9UBK8,502,515,disordered
Q9UBK8,516,698,structured
Q9UBP0,1,227,structured
Q9UBP0,228,328,disordered
Q9UBP0,329,616,structured
Q9UBR1,1,32,disordered
Q9UBR1,33,384,structured
Q9UBU7,1,254,structured
Q9UBU7,255,293,disordered
Q9UBU7,294,674,structured
Q9UBU9,1,52,structured
Q9UBU9,53,82,disordered
Q9UBU9,83,95,structured
Q9UBU9,96,372,disordered
Q9UBU9,373,423,structured
Q9UBU9,424,429,disordered
Q9UBU9,430,549,structured
Q9UBU9,550,619,disordered
Q9UBV7,1,259,structured
Q9UBV7,260,285,disordered
Q9UBV7,286,327,structured
Q9UBW5,1,37,disordered
Q9UBW5,38,565,structured
Q9UDY8,1,465,structured
Q9UDY8,466,481,disordered
Q9UDY8,482,565,structured
Q9UDY8,566,579,disordered
Q9UDY8,580,824,structured
Q9UER7,1,57,disordered
Q9UER7,58,139,structured
Q9UER7,140,144,disordered
Q9UER7,145,160,structured
Q9UER7,161,243,disordered
Q9UER7,244,340,structured
Q9UER7,341,420,disordered
Q9UER7,421,434,structured
Q9UER7,435,486,disordered
Q9UER7,487,494,structured
Q9UER7,495,740,disordered
Q9UHB7,1,900,disordered
Q9UHB7,901,1163,structured
Q9UHD9,1,449,structured
Q9UHD9,450,576,disordered
Q9UHD9,577,624,structured
Q9UHK0,1,485,structured
Q9UHK0,486,495,disordered
Q9UIF9,1,495,structured
Q9UIF9,496,519,disordered
Q9UIF9,520,621,structured
Q9UIF9,622,664,disordered
Q9UIF9,665,1730,structured
Q9UIF9,1731,1797,disordered
Q9UIF9,1798,1905,structured
Q9UIW2,1,24,structured
Q9UIW2,25,38,disordered
Q9UIW2,39,1896,structured
Q9UJX2,1,25,disordered
Q9UJX2,26,557,structured
Q9UJX2,558,597,disordered
Q9UJX4,1,26,disordered
Q9UJX4,27,167,structured
Q9UJX4,168,205,disordered
Q9UJX4,206,352,structured
Q9UJX4,353,413,disordered
Q9UJX4,414,755,structured
Q9UJX5,1,303,structured
Q9UJX5,304,317,disordered
Q9UJX5,318,430,structured
Q9UJX5,431,444,disordered
Q9UJX5,445,457,structured
Q9UJX5,458,472,disordered
Q9UJX5,473,479,structured
Q9UJX5,480,521,disordered
Q9UJX5,522,757,structured
Q9UJX5,758,808,disordered
Q9UJX6,1,14,disordered
Q9UJX6,15,29,structured
Q9UJX6,30,52,disordered
Q9UJX6,53,220,structured
Q9UJX6,221,231,disordered
Q9UJX6,232,304,structured
Q9UJX6,305,319,disordered
Q9UJX6,320,458,structured
Q9UJX6,459,475,disordered
Q9UJX6,476,730,structured
Q9UJX6,731,822,disordered
Q9UJY5,1,143,structured
Q9UJY5,144,208,disordered
Q9UJY5,209,302,structured
Q9UJY5,303,326,disordered
Q9UJY5,327,350,structured
Q9UJY5,351,364,disordered
Q9UJY5,365,375,structured
Q9UJY5,376,388,disordered
Q9UJY5,389,639,structured
Q9UK55,1,21,structured
Q9UK55,22,60,disordered
Q9UK55,61,444,structured
Q9UKK9,1,13,disordered
Q9UKK9,14,219,structured
Q9UKT4,1,374,disordered
Q9UKT4,375,420,structured
Q9UKT4,421,447,disordered
Q9UKT5,1,131,structured
Q9UKT5,132,135,disordered
Q9UKT5,136,161,structured
Q9UKT5,162,163,disordered
Q9UKT5,164,239,structured
Q9UKT5,240,276,disordered
Q9UKT5,277,383,structured
Q9UKT5,384,387,disordered
Q9UKV8,1,22,disordered
Q9UKV8,23,817,structured
Q9UKV8,818,838,disordered
Q9UKV8,839,859,structured
Q9UKX7,1,46,disordered
Q9UKX7,47,47,structured
Q9UKX7,48,109,disordered
Q9UKX7,110,468,structured
Q9ULK4,1,1334,structured
Q9ULK4,1335,1368,disordered
Q9UM07,1,54,structured
Q9UM07,55,65,disordered
Q9UM07,66,157,structured
Q9UM07,158,171,disordered
Q9UM07,172,337,structured
Q9UM07,338,348,disordered
Q9UM07,349,370,structured
Q9UM07,371,387,disordered
Q9UM07,388,632,structured
Q9UM07,633,644,disordered
Q9UM07,645,663,structured
Q9UM11,1,41,disordered
Q9UM11,42,67,structured
Q9UM11,68,87,disordered
Q9UM11,88,108,structured
Q9UM11,109,124,disordered
Q9UM11,125,132,structured
Q9UM11,133,145,disordered
Q9UM11,146,496,structured
Q9UMD9,1,1,structured
Q9UMD9,2,455,disordered
Q9UMD9,456,1497,structured
Q9UMR2,1,54,structured
Q9UMR2,55,91,disordered
Q9UMR2,92,479,structured
Q9UMS4,1,168,structured
Q9UMS4,169,194,disordered
Q9UMS4,195,504,structured
Q9UMX1,1,278,structured
Q9UMX1,279,360,disordered
Q9UMX1,361,484,structured
Q9UN86,1,44,structured
Q9UN86,45,54,disordered
Q9UN86,55,482,structured
Q9UNA0,1,556,structured
Q9UNA0,557,628,disordered
Q9UNA0,629,930,structured
Q9UNL4,1,1,structured
Q9UNL4,2,105,disordered
Q9UNL4,106,118,structured
Q9UNL4,119,188,disordered
Q9UNL4,189,249,structured
Q9UPP1,1,100,structured
Q9UPP1,101,113,disordered
Q9UPP1,114,1060,structured
Q9UPR3,1,852,structured
Q9UPR3,853,854,disordered
Q9UPR3,855,923,structured
Q9UPR3,924,946,disordered
Q9UPR3,947,959,structured
Q9UPR3,960,977,disordered
Q9UPR3,978,983,structured
Q9UPR3,984,993,disordered
Q9UPR3,994,1012,structured
Q9UPR3,1013,1016,disordered
Q9UPY3,1,1002,structured
Q9UPY3,1003,1029,disordered
Q9UPY3,1030,1922,structured
Q9UQ13,1,85,disordered
Q9UQ13,86,582,structured
Q9UQ80,1,362,structured
Q9UQ80,363,394,disordered
Q9UQC2,1,349,structured
Q9UQC2,350,358,disordered
Q9UQC2,359,503,structured
Q9UQC2,504,524,disordered
Q9UQC2,525,676,structured
Q9V452,1,28,disordered
Q9V452,29,100,structured
Q9V452,101,140,disordered
Q9V6K1,1,407,structured
Q9V6K1,408,417,disordered
Q9V6K1,418,441,structured
Q9V6K1,442,456,disordered
Q9V6K1,457,1026,structured
Q9V6K1,1027,1098,disordered
Q9V6K1,1099,1441,structured
Q9V727,1,253,structured
Q9V727,254,273,disordered
Q9V727,274,309,structured
Q9V727,310,340,disordered
Q9V727,341,1669,structured
Q9VAN6,1,175,disordered
Q9VAN6,176,257,structured
Q9VAN6,258,276,disordered
Q9VMA3,1,295,structured
Q9VMA3,296,324,disordered
Q9VMA3,325,339,structured
Q9VMA3,340,425,disordered
Q9VMA3,426,1117,structured
Q9VNE4,1,20,structured
Q9VNE4,21,60,disordered
Q9VNE4,61,994,structured
Q9VPU8,1,345,disordered
Q9VVJ7,1,16,structured
Q9VVJ7,17,61,disordered
Q9VVJ7,62,149,structured
Q9VVJ7,150,178,disordered
Q9VXJ0,1,43,structured
Q9VXJ0,44,55,disordered
Q9VXJ0,56,87,structured
Q9VXJ0,88,98,disordered
Q9VXJ0,99,372,structured
Q9VXJ0,373,387,disordered
Q9VXJ0,388,598,structured
Q9VZU1,1,240,structured
Q9VZU1,241,388,disordered
Q9W058,1,280,structured
Q9W058,281,291,disordered
Q9W058,292,516,structured
Q9W1M7,1,421,structured
Q9W1M7,422,531,disordered
Q9W1M7,532,949,structured
Q9WBP8,1,219,disordered
Q9WBP8,220,736,structured
Q9WTL8,1,496,structured
Q9WTL8,497,632,disordered
Q9WTY2,1,136,structured
Q9WTY2,137,151,disordered
Q9WTY2,152,170,structured
Q9WTY2,171,182,disordered
Q9WTY2,183,341,structured
Q9WZ73,1,37,structured
Q9WZ73,38,48,disordered
Q9WZ73,49,108,structured
Q9WZ73,109,141,disordered
Q9X8U3,1,120,structured
Q9X8U3,121,199,disordered
Q9XES8,1,89,disordered
Q9XTW2,1,119,structured
Q9XTW2,120,129,disordered
Q9XTW2,130,487,structured
Q9XTW2,488,512,disordered
Q9XTY3,1,16,structured
Q9XTY3,17,211,disordered
Q9XWJ1,1,106,structured
Q9XWJ1,107,139,disordered
Q9XWJ1,140,149,structured
Q9XWJ1,150,176,disordered
Q9XWJ1,177,284,structured
Q9XWJ1,285,307,disordered
Q9XWJ1,308,385,structured
Q9Y239,1,110,structured
Q9Y239,111,138,disordered
Q9Y239,139,953,structured
Q9Y258,1,83,structured
Q9Y258,84,94,disordered
Q9Y261,1,239,structured
Q9Y261,240,258,disordered
Q9Y261,259,457,structured
Q9Y296,1,10,structured
Q9Y296,11,25,disordered
Q9Y296,26,219,structured
Q9Y2M5,1,302,structured
Q9Y2M5,303,316,disordered
Q9Y2M5,317,609,structured
Q9Y2Z0,1,261,structured
Q9Y2Z0,262,276,disordered
Q9Y2Z0,277,365,structured
Q9Y3B4,1,20,disordered
Q9Y3B4,21,99,structured
Q9Y3B4,100,125,disordered
Q9Y3D6,1,120,structured
Q9Y3D6,121,145,disordered
Q9Y3D6,146,152,structured
Q9Y3E7,1,11,disordered
Q9Y3E7,12,98,structured
Q9Y3E7,99,102,disordered
Q9Y3E7,103,140,structured
Q9Y3E7,141,160,disordered
Q9Y3E7,161,172,structured
Q9Y3E7,173,222,disordered
Q9Y3M2,1,66,disordered
Q9Y3M2,67,101,structured
Q9Y3M2,102,126,disordered
Q9Y4D1,1,653,structured
Q9Y4D1,654,682,disordered
Q9Y4D1,683,1078,structured
Q9Y4K0,1,762,structured
Q9Y4K0,763,774,disordered
Q9Y4P1,1,9,disordered
Q9Y4P1,10,186,structured
Q9Y4P1,187,217,disordered
Q9Y4P1,218,287,structured
Q9Y4P1,288,293,disordered
Q9Y4P1,294,339,structured
Q9Y4P1,340,346,disordered
Q9Y4P1,347,355,structured
Q9Y4P1,356,361,disordered
Q9Y4P1,362,373,structured
Q9Y4P1,374,393,disordered
Q9Y4U1,1,230,structured
Q9Y4U1,231,282,disordered
Q9Y5C1,1,419,structured
Q9Y5C1,420,429,disordered
Q9Y5C1,430,460,structured
Q9Y5P4,1,186,structured
Q9Y5P4,187,218,disordered
Q9Y5P4,219,299,structured
Q9Y5P4,300,381,disordered
Q9Y5P4,382,624,structured
Q9Y5S9,1,49,structured
Q9Y5S9,50,63,disordered
Q9Y5S9,64,174,structured
Q9Y613,1,1103,structured
Q9Y613,1104,1164,disordered
Q9Y653,1,548,structured
Q9Y653,549,559,disordered
Q9Y653,560,663,structured
Q9Y653,664,693,disordered
Q9Y696,1,158,structured
Q9Y696,159,175,disordered
Q9Y696,176,253,structured
Q9Y6C2,1,947,structured
Q9Y6C2,948,966,disordered
Q9Y6C2,967,1016,structured
Q9Y6D6,1,13,disordered
Q9Y6D6,14,49,structured
Q9Y6D6,50,63,disordered
Q9Y6D6,64,1849,structured
Q9Y6H6,1,10,disordered
Q9Y6H6,11,30,structured
Q9Y6H6,31,56,disordered
Q9Y6H6,57,103,structured
Q9Y6I3,1,18,disordered
Q9Y6I3,19,143,structured
Q9Y6I3,144,576,disordered
Q9Y6K1,1,50,structured
Q9Y6K1,51,53,disordered
Q9Y6K1,54,274,structured
Q9Y6K1,275,282,disordered
Q9Y6K1,283,384,structured
Q9Y6K1,385,397,disordered
Q9Y6K1,398,425,structured
Q9Y6K1,426,427,disordered
Q9Y6K1,428,454,structured
Q9Y6K1,455,473,disordered
Q9Y6K1,474,576,structured
Q9Y6K1,577,580,disordered
Q9Y6K1,581,609,structured
Q9Y6K1,610,620,disordered
Q9Y6K1,621,626,structured
Q9Y6K1,627,629,disordered
Q9Y6K1,630,830,structured
Q9Y6K1,831,847,disordered
Q9Y6K1,848,912,structured
Q9Y6Q9,1,617,structured
Q9Y6Q9,618,629,disordered
Q9Y6Q9,630,734,structured
Q9Y6Q9,735,746,disordered
Q9Y6Q9,747,1017,structured
Q9Y6Q9,1018,1091,disordered
Q9Y6Q9,1092,1424,structured
Q9Y6X9,1,550,structured
Q9Y6X9,551,603,disordered
Q9Y6X9,604,1032,structured
Q9Y7M4,1,55,structured
Q9Y7M4,56,69,disordered
Q9Y7M4,70,93,structured
Q9Y823,1,128,structured
Q9Y823,129,141,disordered
Q9Y823,142,319,structured
Q9Y823,320,333,disordered
Q9Y823,334,405,structured
Q9Y823,406,418,disordered
Q9Z1X4,1,54,structured
Q9Z1X4,55,86,disordered
Q9Z1X4,87,340,structured
Q9Z1X4,341,353,disordered
Q9Z1X4,354,467,structured
Q9Z1X4,468,518,disordered
Q9Z1X4,519,898,structured
Q9Z214,1,143,structured
Q9Z214,144,163,disordered
Q9Z214,164,366,structured
Q9ZKK2,1,11,disordered
Q9ZKK2,12,267,structured
Q9ZPI5,1,70,structured
Q9ZPI5,71,82,disordered
Q9ZPI5,83,575,structured
Q9ZPI5,576,596,disordered
Q9ZPI5,597,725,structured
Q9ZVD0,1,289,structured
Q9ZVD0,290,324,disordered
Q9ZVD0,325,365,structured
Q9ZVD0,366,380,disordered
Q9ZVD0,381,434,structured
Q9ZVD0,435,444,disordered
Q9ZVD0,445,720,structured
S6AWC2,1,158,disordered
S6B291,1,239,structured
S6B291,240,465,disordered
S6B291,466,466,structured
S7W634,1,32,disordered
S7W634,33,831,structured
